日期,股票代码,股票名称,昨日收盘,今日开盘,今日收盘,涨跌幅%,最高价,最低价,成交量,成交额,委买,委卖,换手率%,振幅%,量比,市盈率,总市值,流通市值,MA5,MA10,MA20,MACD,MACD信号,KDJ-K,KDJ-D,KDJ-J,RSI6,RSI12,主力净流入,所属板块,板块涨幅%,涨跌家数比,大盘成交额
2026-03-26,002624,完美世界,18.11,18.1,18.1,-0.06,18.35,17.88,27686403,,,,,,,,,,17.67,18.38,19.52,0.871,4.413,43.2,45.46,38.68,35.21,31.14,,,,,
2026-03-26,600111,北方稀土,47.82,47.35,46.21,-3.37,47.35,46.14,69408115,,,,,,,,,,46.16,47.58,51.66,-0.038,7.401,30.76,37.17,17.94,32.5,20.11,,,,,
2026-03-26,002259,升达林业,5.24,5.27,5.37,2.48,5.45,5.22,34008452,,,,,,,,,,5.23,5.4,5.57,0.569,1.762,51.69,51.13,52.81,40.0,35.44,,,,,
2026-03-26,000001,上证指数,3931.838,3924.962,3889.084,-1.09,3937.104,3880.573,61597398100,,,,,,,,,,3894.51,3977.22,4051.89,57.244,376.242,30.09,36.72,16.83,28.84,27.4,,,,,
2026-03-25,002624,完美世界,17.43,17.85,18.11,3.9,18.53,17.8,42893580,,,,,,,,,,17.76,18.61,19.68,1.004,4.714,32.14,38.09,20.24,35.31,34.18,,,,,
2026-03-25,600111,北方稀土,45.54,46.1,47.82,5.01,47.82,46.09,115189422,,,,,,,,,,46.24,48.13,52.3,0.366,8.235,46.74,47.83,44.56,40.78,23.56,,,,,
2026-03-25,002259,升达林业,5.22,5.23,5.24,0.38,5.34,5.19,23104902,,,,,,,,,,5.25,5.44,5.59,0.6,1.832,26.83,34.55,11.39,36.67,32.0,,,,,
2026-03-25,000001,上证指数,3881.28,3892.269,3931.838,1.3,3933.061,3891.816,68834362600,,,,,,,,,,3918.0,4001.22,4064.77,73.287,404.95,40.41,43.6,34.03,34.52,33.58,,,,,
2026-03-24,002624,完美世界,16.86,17.08,17.43,3.38,17.44,16.83,44519505,,,,,,,,,,17.97,18.92,19.84,1.151,5.015,15.38,26.91,-7.68,18.75,26.96,,,,,
2026-03-24,600111,北方稀土,45.22,46.0,45.54,0.71,46.2,44.02,83774133,,,,,,,,,,46.48,48.59,52.94,0.66,9.099,17.67,28.44,-3.87,6.99,4.37,,,,,
2026-03-24,002259,升达林业,4.99,5.08,5.22,4.61,5.23,4.95,26713300,,,,,,,,,,5.32,5.49,5.61,0.645,1.9,25.2,33.46,8.68,34.44,28.22,,,,,
2026-03-24,000001,上证指数,3813.283,3849.631,3881.28,1.78,3881.424,3807.994,68062203900,,,,,,,,,,3944.23,4021.38,4075.54,86.867,433.852,24.96,33.3,8.28,22.17,24.63,,,,,
2026-03-23,002624,完美世界,17.83,17.45,16.86,-5.44,17.6,16.67,53860418,,,,,,,,,,18.31,19.23,20.0,1.382,5.296,3.85,19.22,-26.89,3.14,21.47,,,,,
2026-03-23,600111,北方稀土,46.0,45.1,45.22,-1.7,46.5,44.2,101080952,,,,,,,,,,47.17,49.43,53.4,1.223,9.931,10.64,23.75,-15.58,0.18,0.97,,,,,
2026-03-23,002259,升达林业,5.31,5.21,4.99,-6.03,5.25,4.91,33268452,,,,,,,,,,5.37,5.55,5.63,0.697,1.963,6.5,20.99,-22.48,8.25,35.0,,,,,
2026-03-23,000001,上证指数,3957.053,3904.951,3813.283,-3.63,3906.622,3794.684,80473885000,,,,,,,,,,3977.96,4045.57,4087.35,107.107,461.307,5.36,20.23,-24.38,4.24,15.37,,,,,
2026-03-20,002624,完美世界,18.56,18.58,17.83,-3.93,18.82,17.63,42705322,,,,,,,,,,18.8,19.56,20.23,1.697,5.534,5.03,20.01,-24.93,2.89,24.0,,,,,
2026-03-20,600111,北方稀土,46.62,47.0,46.0,-1.33,47.25,45.9,68196846,,,,,,,,,,48.05,50.3,53.88,1.891,10.699,1.08,17.37,-31.5,0.18,0.98,,,,,
2026-03-20,002259,升达林业,5.51,5.48,5.31,-3.63,5.58,5.28,23180100,,,,,,,,,,5.47,5.63,5.66,0.778,2.014,3.49,18.98,-27.49,12.31,42.95,,,,,
2026-03-20,000001,上证指数,4006.552,4004.573,3957.053,-1.24,4022.703,3955.711,66679838700,,,,,,,,,,4032.26,4073.9,4100.79,136.604,484.819,0.72,17.13,-32.1,6.6,29.68,,,,,
2026-03-19,002624,完美世界,19.15,18.8,18.56,-3.08,18.81,18.01,46336064,,,,,,,,,,19.09,19.8,20.41,1.948,5.739,15.28,26.84,-7.84,2.89,28.04,,,,,
2026-03-19,600111,北方稀土,49.01,48.1,46.62,-4.88,48.2,46.36,95919828,,,,,,,,,,49.01,51.13,54.45,2.561,11.396,2.96,18.62,-28.36,0.17,4.82,,,,,
2026-03-19,002259,升达林业,5.56,5.56,5.51,-0.9,5.6,5.48,18412400,,,,,,,,,,5.57,5.69,5.67,0.833,2.057,18.18,28.78,-3.02,32.73,41.83,,,,,
2026-03-19,000001,上证指数,4062.984,4028.542,4006.552,-1.39,4042.022,3994.165,66725542200,,,,,,,,,,4059.94,4090.61,4109.64,154.935,506.688,8.4,22.25,-19.3,8.55,30.61,,,,,
2026-03-18,002624,完美世界,19.15,19.07,19.15,0.0,19.28,18.88,38436583,,,,,,,,,,19.46,19.95,20.59,2.154,5.918,9.89,23.25,-16.83,26.06,24.74,,,,,
2026-03-18,600111,北方稀土,49.0,49.32,49.01,0.02,49.33,47.7,82976828,,,,,,,,,,50.02,52.0,54.94,3.249,12.009,16.62,27.74,-5.62,0.2,3.51,,,,,
2026-03-18,002259,升达林业,5.48,5.46,5.56,1.46,5.6,5.4,18721701,,,,,,,,,,5.63,5.69,5.68,0.873,2.096,24.68,33.11,7.82,28.57,42.11,,,,,
2026-03-18,000001,上证指数,4049.907,4053.305,4062.984,0.32,4065.373,4023.03,62387310200,,,,,,,,,,4084.45,4100.82,4115.91,170.128,527.492,33.68,39.11,22.82,21.86,30.25,,,,,
2026-03-17,002624,完美世界,19.33,19.41,19.15,-0.93,19.98,18.97,53167342,,,,,,,,,,19.87,20.08,20.76,2.319,6.078,6.82,21.2,-21.94,32.91,24.9,,,,,
2026-03-17,600111,北方稀土,49.6,49.89,49.0,-1.21,50.39,48.92,71189879,,,,,,,,,,50.7,52.7,55.17,3.774,12.566,2.48,18.3,-29.16,1.78,3.28,,,,,
2026-03-17,002259,升达林业,5.5,5.5,5.48,-0.36,5.68,5.45,33741900,,,,,,,,,,5.66,5.69,5.69,0.909,2.131,14.29,26.18,-9.49,25.0,38.36,,,,,
2026-03-17,000001,上证指数,4084.786,4086.295,4049.907,-0.85,4108.4,4049.58,67877122400,,,,,,,,,,4098.54,4102.77,4119.18,181.002,548.178,1.95,17.95,-30.05,30.6,31.75,,,,,
2026-03-16,002624,完美世界,19.25,19.17,19.33,0.42,19.53,18.97,43450160,,,,,,,,,,20.14,20.2,20.88,2.497,6.213,13.64,25.75,-10.58,35.35,29.61,,,,,
2026-03-16,600111,北方稀土,50.82,50.8,49.6,-2.4,51.14,48.8,90023467,,,,,,,,,,51.69,53.36,55.36,4.358,13.047,8.76,22.49,-18.7,1.84,22.12,,,,,
2026-03-16,002259,升达林业,5.8,5.72,5.5,-5.17,5.8,5.37,43016700,,,,,,,,,,5.73,5.71,5.7,0.956,2.158,16.88,27.91,-5.18,20.55,41.72,,,,,
2026-03-16,000001,上证指数,4095.449,4092.249,4084.786,-0.26,4096.133,4048.087,73222709800,,,,,,,,,,4113.18,4110.04,4122.84,194.011,568.197,39.22,42.81,32.04,32.57,39.37,,,,,
2026-03-13,002624,完美世界,20.44,20.85,19.25,-5.82,21.15,19.12,76673889,,,,,,,,,,20.32,20.43,20.89,2.672,6.322,4.59,19.71,-25.65,36.84,30.6,,,,,
2026-03-13,600111,北方稀土,51.69,51.12,50.82,-1.68,52.15,50.58,71404343,,,,,,,,,,52.55,54.58,55.39,4.944,13.442,2.2,18.12,-29.64,1.9,21.98,,,,,
2026-03-13,002259,升达林业,5.8,5.85,5.8,0.0,6.14,5.75,33973600,,,,,,,,,,5.78,5.74,5.74,1.002,2.177,47.78,48.52,46.3,66.27,60.0,,,,,
2026-03-13,000001,上证指数,4129.103,4117.574,4095.449,-0.82,4134.079,4086.847,79205476400,,,,,,,,,,4115.55,4119.82,4121.88,204.514,588.093,29.65,36.43,16.09,44.44,40.78,,,,,
2026-03-12,002624,完美世界,21.17,21.21,20.44,-3.45,21.61,20.33,58689546,,,,,,,,,,20.51,20.66,20.82,2.869,6.395,44.89,46.59,41.49,50.22,47.59,,,,,
2026-03-12,600111,北方稀土,52.38,52.2,51.69,-1.32,52.62,51.02,83631663,,,,,,,,,,53.24,55.74,55.26,5.466,13.756,5.34,20.21,-24.4,2.0,42.54,,,,,
2026-03-12,002259,升达林业,5.7,5.69,5.8,1.75,5.91,5.69,32109302,,,,,,,,,,5.81,5.75,5.75,1.022,2.194,47.78,48.52,46.3,66.67,54.37,,,,,
2026-03-12,000001,上证指数,4133.433,4133.2,4129.103,-0.1,4141.649,4103.164,78615118200,,,,,,,,,,4121.29,4126.57,4120.9,214.601,607.955,52.91,51.94,54.85,71.1,52.11,,,,,
2026-03-11,002624,完美世界,20.51,20.31,21.17,3.22,21.35,20.23,83289572,,,,,,,,,,20.43,20.76,20.67,2.961,6.454,60.12,56.75,66.86,74.17,47.15,,,,,
2026-03-11,600111,北方稀土,53.97,53.38,52.38,-2.95,53.79,52.2,94835786,,,,,,,,,,53.98,56.48,55.23,5.949,13.988,5.97,20.63,-23.35,11.24,44.45,,,,,
2026-03-11,002259,升达林业,5.83,5.88,5.7,-2.23,5.88,5.65,22019602,,,,,,,,,,5.75,5.74,5.74,1.04,2.208,36.67,41.11,27.79,46.94,53.8,,,,,
2026-03-11,000001,上证指数,4123.138,4123.666,4133.433,0.25,4135.839,4112.8,70772716900,,,,,,,,,,4117.19,4128.32,4119.55,221.838,628.489,55.91,53.94,59.85,53.68,58.34,,,,,
2026-03-10,002624,完美世界,20.22,20.34,20.51,1.43,20.56,19.8,48997027,,,,,,,,,,20.28,20.76,20.54,2.98,6.516,31.78,37.85,19.64,22.89,37.3,,,,,
2026-03-10,600111,北方稀土,53.88,54.5,53.97,0.17,55.13,53.7,87871621,,,,,,,,,,54.71,57.28,55.15,6.406,14.136,19.33,29.54,-1.09,5.4,42.33,,,,,
2026-03-10,002259,升达林业,5.78,5.73,5.83,0.87,5.89,5.66,33053620,,,,,,,,,,5.72,5.72,5.73,1.067,2.218,51.11,50.74,51.85,51.69,56.29,,,,,
2026-03-10,000001,上证指数,4096.602,4098.587,4123.138,0.65,4123.958,4098.587,67492219400,,,,,,,,,,4106.99,4129.7,4116.27,228.802,649.85,48.79,49.19,47.99,34.83,48.44,,,,,
2026-03-09,002624,完美世界,20.2,19.74,20.22,0.1,20.35,19.21,54592583,,,,,,,,,,20.27,20.77,20.39,3.059,6.566,24.69,33.12,7.83,10.4,26.29,,,,,
2026-03-09,600111,北方稀土,54.3,53.1,53.88,-0.77,54.32,51.67,102485185,,,,,,,,,,55.04,57.38,54.84,6.739,14.218,18.57,29.04,-2.37,4.09,44.8,,,,,
2026-03-09,002259,升达林业,5.93,6.0,5.78,-2.53,6.04,5.56,50468920,,,,,,,,,,5.7,5.71,5.71,1.08,2.225,45.56,47.04,42.6,47.67,54.05,,,,,
2026-03-09,000001,上证指数,4124.194,4098.699,4096.602,-0.67,4106.534,4052.545,79780355600,,,,,,,,,,4106.9,4129.13,4110.9,236.918,671.852,30.45,36.96,17.43,32.48,44.56,,,,,
2026-03-06,002624,完美世界,20.05,19.85,20.2,0.75,20.68,19.77,39188555,,,,,,,,,,20.54,20.89,20.33,3.166,6.595,12.43,24.94,-12.59,20.92,24.61,,,,,
2026-03-06,600111,北方稀土,55.38,54.6,54.3,-1.95,55.58,53.8,89120597,,,,,,,,,,56.61,57.46,54.72,7.102,14.219,6.46,20.96,-22.54,30.26,51.33,,,,,
2026-03-06,002259,升达林业,5.53,5.5,5.93,7.23,5.96,5.48,62180680,,,,,,,,,,5.71,5.69,5.72,1.096,2.229,62.22,58.15,70.36,61.54,56.34,,,,,
2026-03-06,000001,上证指数,4108.567,4085.895,4124.194,0.38,4129.465,4085.895,64676576000,,,,,,,,,,4124.1,4127.67,4111.97,247.966,693.842,48.5,49.0,47.5,43.69,49.31,,,,,
2026-03-05,002624,完美世界,20.43,20.88,20.05,-1.86,20.98,19.76,56932525,,,,,,,,,,20.82,21.02,20.25,3.277,6.6,8.19,22.11,-19.65,20.92,35.93,,,,,
2026-03-05,600111,北方稀土,56.0,56.69,55.38,-1.11,56.88,54.6,99340440,,,,,,,,,,58.23,57.77,54.81,7.444,14.136,17.36,28.23,-4.38,29.65,54.93,,,,,
2026-03-05,002259,升达林业,5.52,5.6,5.53,0.18,5.63,5.39,41629461,,,,,,,,,,5.69,5.66,5.71,1.096,2.234,17.78,28.51,-3.68,51.61,43.12,,,,,
2026-03-05,000001,上证指数,4082.474,4109.777,4108.567,0.64,4125.617,4090.621,68974653500,,,,,,,,,,4131.84,4128.66,4113.66,256.79,716.374,37.48,41.65,29.14,38.12,47.5,,,,,
2026-03-04,002624,完美世界,20.44,20.35,20.43,-0.05,21.0,20.15,53446501,,,,,,,,,,21.08,21.24,20.16,3.408,6.573,13.03,25.34,-11.59,44.81,56.29,,,,,
2026-03-04,600111,北方稀土,55.62,53.79,56.0,0.68,57.93,53.66,142253018,,,,,,,,,,58.97,57.87,54.69,7.695,13.979,23.61,32.4,6.03,53.07,60.74,,,,,
2026-03-04,002259,升达林业,5.76,5.65,5.52,-4.17,5.67,5.37,62481466,,,,,,,,,,5.73,5.67,5.69,1.131,2.23,16.67,27.77,-5.53,40.79,26.9,,,,,
2026-03-04,000001,上证指数,4122.676,4087.632,4082.474,-0.98,4106.04,4055.413,76516953100,,,,,,,,,,4139.45,4131.0,4115.79,267.459,739.056,19.08,29.38,-1.52,39.51,52.62,,,,,
2026-03-03,002624,完美世界,21.6,21.8,20.44,-5.37,21.95,20.35,78817290,,,,,,,,,,21.23,21.44,20.01,3.505,6.519,13.33,25.54,-11.09,32.99,65.39,,,,,
2026-03-03,600111,北方稀土,61.74,61.38,55.62,-9.91,61.5,55.57,220131218,,,,,,,,,,59.86,57.63,54.42,7.89,13.754,23.11,32.06,5.21,52.57,62.67,,,,,
2026-03-03,002259,升达林业,5.8,5.93,5.76,-0.69,6.27,5.7,94862693,,,,,,,,,,5.73,5.69,5.68,1.169,2.217,35.44,40.29,25.74,65.0,46.28,,,,,
2026-03-03,000001,上证指数,4182.591,4189.408,4122.676,-1.43,4197.228,4116.011,92113917000,,,,,,,,,,4152.4,4135.59,4118.66,281.247,761.127,36.53,41.02,27.55,62.56,58.0,,,,,
2026-03-02,002624,完美世界,21.59,21.23,21.6,0.05,21.94,20.74,89513334,,,,,,,,,,21.27,21.55,19.85,3.601,6.433,43.48,45.65,39.14,53.67,76.46,,,,,
2026-03-02,600111,北方稀土,62.4,63.56,61.74,-1.06,63.57,59.66,205244679,,,,,,,,,,59.72,57.36,54.23,8.121,13.443,83.69,72.47,106.13,65.91,70.93,,,,,
2026-03-02,002259,升达林业,5.82,5.81,5.8,-0.34,6.06,5.7,34573802,,,,,,,,,,5.71,5.68,5.64,1.183,2.198,61.19,57.46,68.65,62.9,50.76,,,,,
2026-03-02,000001,上证指数,4162.882,4151.801,4182.591,0.47,4188.77,4131.368,86157921800,,,,,,,,,,4151.35,4135.63,4119.16,291.775,783.324,94.33,79.57,123.85,65.81,65.54,,,,,
2026-02-27,002624,完美世界,21.34,21.77,21.59,1.17,22.47,21.2,101917629,,,,,,,,,,21.24,21.35,19.66,3.579,6.343,43.21,45.47,38.69,37.15,67.12,,,,,
2026-02-27,600111,北方稀土,59.1,59.13,62.4,5.58,62.79,59.13,217651040,,,,,,,,,,58.32,56.19,53.67,7.73,13.191,96.55,81.05,127.55,71.64,73.1,,,,,
2026-02-27,002259,升达林业,5.75,5.72,5.82,1.22,5.85,5.64,32035169,,,,,,,,,,5.66,5.74,5.6,1.191,2.175,71.67,64.45,86.11,62.9,57.21,,,,,
2026-02-27,000001,上证指数,4146.631,4128.897,4162.882,0.39,4166.234,4128.36,68204764600,,,,,,,,,,4131.25,4123.93,4116.84,296.557,807.1,94.37,79.59,123.93,61.36,67.4,,,,,
2026-02-26,002624,完美世界,21.19,22.6,21.34,0.71,23.3,21.3,116896878,,,,,,,,,,21.21,20.97,19.47,3.542,6.25,64.6,59.74,74.32,27.49,69.64,,,,,
2026-02-26,600111,北方稀土,60.43,60.36,59.1,-2.2,60.36,58.83,186504181,,,,,,,,,,57.32,54.79,53.05,7.191,13.042,90.32,76.89,117.18,70.36,72.94,,,,,
2026-02-26,002259,升达林业,5.51,5.5,5.75,4.36,5.88,5.49,42178800,,,,,,,,,,5.63,5.74,5.53,1.193,2.149,35.29,40.19,25.49,50.0,57.01,,,,,
2026-02-26,000001,上证指数,4147.231,4151.068,4146.631,-0.01,4152.193,4127.153,65170282600,,,,,,,,,,4125.47,4115.23,4114.82,302.911,832.26,84.61,73.08,107.67,57.4,71.16,,,,,
2026-02-25,002624,完美世界,20.65,21.25,21.19,2.62,21.41,20.77,68333857,,,,,,,,,,21.39,20.58,19.3,3.513,6.153,62.33,58.22,70.55,44.85,61.07,,,,,
2026-02-25,600111,北方稀土,54.94,55.14,60.43,9.99,60.43,55.1,279197296,,,,,,,,,,56.76,53.98,52.59,6.89,12.95,100.0,83.35,133.3,79.32,66.05,,,,,
2026-02-25,002259,升达林业,5.66,5.63,5.51,-2.65,5.67,5.48,29396704,,,,,,,,,,5.61,5.75,5.45,1.198,2.118,11.76,24.49,-13.7,31.91,41.63,,,,,
2026-02-25,000001,上证指数,4117.409,4123.781,4147.231,0.72,4167.844,4122.699,72478721400,,,,,,,,,,4122.54,4110.79,4113.34,310.673,858.624,85.05,73.38,108.39,59.43,53.56,,,,,
2026-02-24,002624,完美世界,21.42,21.2,20.65,-3.59,21.42,20.0,91526673,,,,,,,,,,21.65,20.32,19.15,3.482,6.052,54.16,52.77,56.94,61.44,59.27,,,,,
2026-02-24,600111,北方稀土,54.74,56.0,54.94,0.37,56.39,54.4,100592588,,,,,,,,,,55.4,53.02,52.05,6.387,12.972,70.69,63.8,84.47,73.79,47.8,,,,,
2026-02-24,002259,升达林业,5.58,5.69,5.66,1.43,5.77,5.59,31539201,,,,,,,,,,5.66,5.74,5.39,1.224,2.076,26.47,34.31,10.79,15.79,49.41,,,,,
2026-02-24,000001,上证指数,4082.073,4129.134,4117.409,0.87,4131.55,4105.937,56632224900,,,,,,,,,,4118.77,4102.84,4111.66,318.289,886.38,77.66,68.45,96.08,66.64,45.18,,,,,
2026-02-13,002624,完美世界,21.47,21.08,21.42,-0.23,21.84,20.57,105803134,,,,,,,,,,21.83,20.02,19.04,3.489,5.936,65.81,60.55,76.33,81.68,66.37,,,,,
2026-02-13,600111,北方稀土,57.4,57.0,54.74,-4.63,57.1,54.68,121536816,,,,,,,,,,54.99,52.29,51.86,6.353,13.005,68.98,62.66,81.62,77.36,53.13,,,,,
2026-02-13,002259,升达林业,5.64,5.65,5.58,-1.06,5.84,5.56,31093666,,,,,,,,,,5.66,5.72,5.32,1.234,2.027,20.95,30.62,1.61,37.5,56.9,,,,,
2026-02-13,000001,上证指数,4134.018,4115.924,4082.073,-1.26,4123.844,4079.77,50079947200,,,,,,,,,,4119.91,4092.67,4111.49,328.809,914.975,56.73,54.49,61.21,52.35,41.19,,,,,
2026-02-12,002624,完美世界,22.24,21.7,21.47,-3.46,22.18,21.13,135125297,,,,,,,,,,21.46,19.76,18.89,3.407,5.826,66.57,61.05,77.61,83.22,69.09,,,,,
2026-02-12,600111,北方稀土,56.31,56.31,57.4,1.94,58.0,55.88,149215934,,,,,,,,,,54.07,51.98,51.67,6.311,13.053,91.77,77.86,119.59,76.71,61.44,,,,,
2026-02-12,002259,升达林业,5.66,5.65,5.64,-0.35,5.77,5.57,38585082,,,,,,,,,,5.81,5.76,5.25,1.248,1.969,26.67,34.44,11.13,45.19,56.33,,,,,
2026-02-12,000001,上证指数,4131.985,4136.99,4134.018,0.05,4140.593,4124.131,52937011600,,,,,,,,,,4116.61,4096.26,4112.48,343.145,943.561,93.89,79.27,123.13,65.14,49.16,,,,,
2026-02-11,002624,完美世界,22.47,22.52,22.24,-1.02,22.75,21.5,181582107,,,,,,,,,,20.72,19.49,18.73,3.295,5.731,78.21,68.82,96.99,79.23,74.55,,,,,
2026-02-11,600111,北方稀土,53.62,53.39,56.31,5.02,58.36,53.23,223290650,,,,,,,,,,52.25,51.85,51.32,5.97,13.192,82.43,71.63,104.03,74.95,57.93,,,,,
2026-02-11,002259,升达林业,5.75,5.78,5.66,-1.57,5.97,5.61,38992643,,,,,,,,,,5.86,5.76,5.16,1.254,1.901,31.82,37.87,19.72,55.0,59.43,,,,,
2026-02-11,000001,上证指数,4128.373,4124.428,4131.985,0.09,4142.561,4122.428,50068527800,,,,,,,,,,4104.99,4098.66,4111.41,352.875,973.287,86.1,74.08,110.14,73.37,49.91,,,,,
2026-02-10,002624,完美世界,21.53,21.55,22.47,4.37,23.68,21.38,282900095,,,,,,,,,,19.77,19.08,18.54,3.078,5.677,81.69,71.14,102.79,84.74,72.44,,,,,
2026-02-10,600111,北方稀土,52.89,52.87,53.62,1.38,53.98,52.35,122505478,,,,,,,,,,51.2,51.51,51.0,5.672,13.423,60.47,56.98,67.45,75.96,55.74,,,,,
2026-02-10,002259,升达林业,5.68,5.63,5.75,1.23,5.92,5.39,72784388,,,,,,,,,,5.88,5.71,5.07,1.254,1.826,46.77,47.85,44.61,59.87,63.86,,,,,
2026-02-10,000001,上证指数,4123.09,4127.766,4128.373,0.13,4134.338,4117.564,52462096900,,,,,,,,,,4099.03,4100.58,4111.11,362.837,1004.239,75.01,66.68,91.67,80.3,48.91,,,,,
2026-02-09,002624,完美世界,19.57,21.39,21.53,10.02,21.53,21.32,60546924,,,,,,,,,,19.0,18.57,18.33,2.798,5.688,100.0,83.35,133.3,68.4,70.02,,,,,
2026-02-09,600111,北方稀土,50.11,51.6,52.89,5.55,53.68,51.5,171500462,,,,,,,,,,50.64,51.22,50.86,5.588,13.704,54.1,52.73,56.84,54.43,55.14,,,,,
2026-02-09,002259,升达林业,6.31,5.98,5.68,-9.98,5.99,5.68,57529800,,,,,,,,,,5.83,5.66,4.98,1.241,1.743,44.27,46.18,40.45,43.94,66.67,,,,,
2026-02-09,000001,上证指数,4065.583,4103.54,4123.09,1.41,4123.159,4093.056,57263258200,,,,,,,,,,4086.91,4101.74,4111.63,373.187,1036.472,71.85,64.57,86.41,50.91,50.07,,,,,
2026-02-06,002624,完美世界,17.79,17.5,19.57,10.01,19.57,17.07,107198339,,,,,,,,,,18.21,18.15,18.18,2.565,5.757,100.0,83.35,133.3,57.38,60.7,,,,,
2026-02-06,600111,北方稀土,48.31,47.0,50.11,3.73,50.78,46.69,114529939,,,,,,,,,,49.59,51.1,50.84,5.546,14.03,29.84,36.55,16.42,31.73,50.33,,,,,
2026-02-06,002259,升达林业,5.9,5.9,6.31,6.95,6.41,5.8,70221361,,,,,,,,,,5.78,5.6,4.89,1.228,1.654,93.83,79.23,123.03,69.62,81.96,,,,,
2026-02-06,000001,上证指数,4075.917,4040.299,4065.583,-0.25,4095.03,4029.973,55670980100,,,,,,,,,,4065.44,4102.69,4113.74,384.112,1070.003,37.51,41.67,29.19,32.59,41.81,,,,,
2026-02-05,002624,完美世界,17.51,17.27,17.79,1.6,18.38,17.22,65304164,,,,,,,,,,18.06,17.98,18.08,2.491,5.854,39.11,42.74,31.85,45.77,46.97,,,,,
2026-02-05,600111,北方稀土,51.07,50.25,48.31,-5.4,50.44,47.91,98844916,,,,,,,,,,49.89,51.14,50.8,5.761,14.344,6.73,21.14,-22.09,37.16,47.16,,,,,
2026-02-05,002259,升达林业,5.77,5.82,5.9,2.25,6.17,5.72,73789820,,,,,,,,,,5.71,5.45,4.76,1.146,1.575,80.43,70.3,100.69,71.6,79.5,,,,,
2026-02-05,000001,上证指数,4102.202,4075.025,4075.917,-0.64,4088.904,4048.939,59672223600,,,,,,,,,,4075.91,4109.74,4116.48,400.965,1103.512,43.68,45.78,39.48,35.61,43.84,,,,,
2026-02-04,002624,完美世界,18.58,18.22,17.51,-5.76,18.58,17.36,59889793,,,,,,,,,,18.26,17.98,18.04,2.579,5.941,27.82,35.21,13.04,51.37,42.81,,,,,
2026-02-04,600111,北方稀土,50.81,50.99,51.07,0.51,52.15,50.2,101119869,,,,,,,,,,51.45,51.32,50.82,6.168,14.595,32.89,38.59,21.49,50.93,50.0,,,,,
2026-02-04,002259,升达林业,5.5,5.61,5.77,4.91,6.05,5.55,91527704,,,,,,,,,,5.66,5.31,4.66,1.089,1.499,82.82,71.89,104.68,65.45,79.12,,,,,
2026-02-04,000001,上证指数,4067.738,4064.677,4102.202,0.85,4104.621,4062.683,67425424400,,,,,,,,,,4092.32,4114.41,4116.84,417.574,1137.057,59.38,56.26,65.62,42.36,47.9,,,,,
2026-02-03,002624,完美世界,17.6,17.97,18.58,5.57,18.75,17.26,94646324,,,,,,,,,,18.39,18.02,18.0,2.699,6.009,70.97,63.99,84.93,66.67,52.01,,,,,
2026-02-03,600111,北方稀土,47.66,48.81,50.81,6.61,50.82,47.8,153819062,,,,,,,,,,51.81,51.2,50.8,6.325,14.838,30.43,36.95,17.39,47.46,49.56,,,,,
2026-02-03,002259,升达林业,5.44,5.56,5.5,1.1,5.65,5.36,49191849,,,,,,,,,,5.54,5.16,4.57,1.034,1.428,71.1,64.07,85.16,63.92,77.38,,,,,
2026-02-03,000001,上证指数,4015.746,4043.906,4067.738,1.29,4069.418,4002.782,63768424900,,,,,,,,,,4102.13,4115.88,4116.02,432.225,1171.133,38.8,42.53,31.34,35.23,43.38,,,,,
2026-02-02,002624,完美世界,18.84,18.98,17.6,-6.58,19.15,17.52,57013799,,,,,,,,,,18.15,17.98,17.9,2.715,6.082,31.45,37.63,19.09,46.01,40.25,,,,,
2026-02-02,600111,北方稀土,51.59,49.02,47.66,-7.62,50.03,47.6,157806568,,,,,,,,,,51.8,51.09,50.66,6.507,15.066,0.57,17.03,-32.35,41.27,42.7,,,,,
2026-02-02,002259,升达林业,5.92,5.92,5.44,-8.11,5.93,5.4,66989530,,,,,,,,,,5.5,5.04,4.49,0.995,1.358,68.54,62.37,80.88,67.43,78.49,,,,,
2026-02-02,000001,上证指数,4117.948,4079.708,4015.746,-2.48,4103.407,4013.656,73295369800,,,,,,,,,,4116.56,4120.48,4116.81,450.782,1204.829,1.33,17.54,-31.09,14.83,27.66,,,,,
2026-01-30,002624,完美世界,18.77,18.79,18.84,0.37,19.0,18.22,49074342,,,,,,,,,,18.1,18.06,17.87,2.825,6.136,81.45,70.98,102.39,75.59,57.71,,,,,
2026-01-30,600111,北方稀土,56.11,54.0,51.59,-8.06,54.8,50.58,228031866,,,,,,,,,,52.61,51.43,50.62,7.012,15.196,30.14,36.75,16.92,55.97,55.63,,,,,
2026-01-30,002259,升达林业,5.69,5.77,5.92,4.04,6.0,5.31,105048753,,,,,,,,,,5.42,4.91,4.43,0.955,1.289,95.77,80.53,126.25,94.44,95.95,,,,,
2026-01-30,000001,上证指数,4157.985,4131.993,4117.948,-0.96,4152.85,4064.777,80434274600,,,,,,,,,,4139.94,4130.3,4117.2,475.492,1236.56,50.43,50.29,50.71,47.2,46.82,,,,,
2026-01-29,002624,完美世界,18.15,18.1,18.77,3.42,19.3,17.96,66960239,,,,,,,,,,17.9,18.01,17.75,2.812,6.2,78.63,69.1,97.69,68.75,58.01,,,,,
2026-01-29,600111,北方稀土,52.89,53.99,56.11,6.09,58.15,52.77,389626532,,,,,,,,,,52.39,51.37,50.35,7.158,15.306,78.27,68.86,97.09,88.02,71.9,,,,,
2026-01-29,002259,升达林业,5.17,5.17,5.69,10.06,5.69,5.17,50620690,,,,,,,,,,5.2,4.73,4.32,0.856,1.236,100.0,83.35,133.3,94.3,95.54,,,,,
2026-01-29,000001,上证指数,4151.238,4155.919,4157.985,0.16,4170.214,4138.299,90590837100,,,,,,,,,,4143.58,4128.7,4109.74,491.392,1268.282,86.4,74.28,110.64,92.61,59.54,,,,,
2026-01-28,002624,完美世界,17.38,17.28,18.15,4.43,18.16,17.17,45483873,,,,,,,,,,17.7,17.97,17.63,2.794,6.276,67.51,61.68,79.17,49.73,42.26,,,,,
2026-01-28,600111,北方稀土,50.75,50.5,52.89,4.22,53.0,49.7,255397139,,,,,,,,,,51.18,50.8,49.84,6.838,15.51,97.41,81.62,128.99,81.38,51.94,,,,,
2026-01-28,002259,升达林业,5.26,5.26,5.17,-1.71,5.27,5.1,37762100,,,,,,,,,,4.96,4.56,4.22,0.763,1.2,87.16,74.79,111.9,91.74,92.76,,,,,
2026-01-28,000001,上证指数,4139.904,4150.215,4151.238,0.27,4170.147,4138.019,82302674800,,,,,,,,,,4136.5,4124.16,4100.1,503.566,1300.926,78.96,69.32,98.24,92.04,44.17,,,,,
2026-01-27,002624,完美世界,17.34,17.33,17.38,0.23,17.5,16.82,39856935,,,,,,,,,,17.65,18.0,17.54,2.826,6.354,26.05,34.03,10.09,11.54,46.72,,,,,
2026-01-27,600111,北方稀土,51.72,51.8,50.75,-1.88,52.68,50.14,147167928,,,,,,,,,,50.6,50.49,49.49,6.778,15.754,50.77,50.51,51.29,46.46,55.84,,,,,
2026-01-27,002259,升达林业,5.06,4.98,5.26,3.95,5.36,4.79,82411817,,,,,,,,,,4.78,4.43,4.16,0.708,1.173,93.42,78.96,122.34,100,98.62,,,,,
2026-01-27,000001,上证指数,4132.605,4125.216,4139.904,0.18,4158.802,4101.83,75499086900,,,,,,,,,,4129.64,4121.64,4090.8,516.235,1334.483,73.87,65.92,89.77,88.41,56.32,,,,,
2026-01-26,002624,完美世界,17.86,17.79,17.34,-2.91,17.99,17.11,46545464,,,,,,,,,,17.81,18.09,17.48,2.931,6.415,11.56,24.36,-14.04,8.73,55.34,,,,,
2026-01-26,600111,北方稀土,50.46,50.68,51.72,2.5,51.98,50.61,183939010,,,,,,,,,,50.37,50.5,49.25,6.903,15.997,79.36,69.58,98.92,59.94,63.43,,,,,
2026-01-26,002259,升达林业,4.83,4.93,5.06,4.76,5.31,4.86,94733429,,,,,,,,,,4.58,4.29,4.08,0.636,1.16,83.55,72.38,105.89,100,96.85,,,,,
2026-01-26,000001,上证指数,4136.164,4144.778,4132.605,-0.09,4160.985,4124.7,88743973100,,,,,,,,,,4124.39,4121.53,4081.99,529.885,1368.822,47.31,48.21,45.51,89.85,63.47,,,,,
2026-01-23,002624,完美世界,17.75,17.74,17.86,0.62,18.02,17.54,29424682,,,,,,,,,,18.02,18.21,17.43,3.043,6.457,20.51,30.33,0.87,14.86,70.65,,,,,
2026-01-23,600111,北方稀土,50.1,50.51,50.46,0.72,50.87,49.7,97149778,,,,,,,,,,50.24,50.58,48.97,6.921,16.267,43.26,45.5,38.78,50.51,49.83,,,,,
2026-01-23,002259,升达林业,4.48,4.49,4.83,7.81,4.93,4.42,75818474,,,,,,,,,,4.41,4.17,4.02,0.57,1.163,91.23,77.5,118.69,100,96.15,,,,,
2026-01-23,000001,上证指数,4122.576,4130.108,4136.164,0.33,4143.75,4120.204,78211545400,,,,,,,,,,4120.67,4124.8,4073.34,544.189,1403.877,50.53,50.35,50.89,75.81,63.74,,,,,
2026-01-22,002624,完美世界,17.93,17.98,17.75,-1.0,18.23,17.65,27262349,,,,,,,,,,18.12,18.18,17.36,3.108,6.487,8.78,22.51,-18.68,0.0,67.82,,,,,
2026-01-22,600111,北方稀土,49.95,49.94,50.1,0.3,51.0,49.69,93568649,,,,,,,,,,50.35,50.47,48.73,7.044,16.539,32.6,38.39,21.02,54.26,57.1,,,,,
2026-01-22,002259,升达林业,4.29,4.29,4.48,4.43,4.52,4.27,36131259,,,,,,,,,,4.27,4.07,3.97,0.517,1.179,94.52,79.69,124.18,100,83.33,,,,,
2026-01-22,000001,上证指数,4116.94,4126.072,4122.576,0.14,4140.838,4109.923,70969540900,,,,,,,,,,4113.82,4123.22,4063.58,558.075,1439.843,38.24,42.16,30.4,46.14,61.31,,,,,
2026-01-21,002624,完美世界,18.16,18.04,17.93,-1.27,18.37,17.9,29500749,,,,,,,,,,18.25,18.1,17.3,3.18,6.503,45.58,47.05,42.64,15.79,67.59,,,,,
2026-01-21,600111,北方稀土,49.62,49.16,49.95,0.67,50.8,49.02,87329219,,,,,,,,,,50.41,50.33,48.49,7.195,16.807,35.68,40.45,26.14,39.25,60.42,,,,,
2026-01-21,002259,升达林业,4.26,4.27,4.29,0.7,4.32,4.22,22125106,,,,,,,,,,4.16,4.01,3.94,0.492,1.203,94.34,79.57,123.88,100,58.23,,,,,
2026-01-21,000001,上证指数,4113.649,4103.529,4116.94,0.08,4135.959,4103.529,66698950700,,,,,,,,,,4111.82,4119.26,4053.45,573.183,1476.528,33.14,38.75,21.92,29.25,70.64,,,,,
2026-01-20,002624,完美世界,18.38,18.54,18.16,-1.2,18.64,17.83,35928748,,,,,,,,,,18.34,17.98,17.19,3.233,6.507,62.85,58.57,71.41,16.67,77.74,,,,,
2026-01-20,600111,北方稀土,51.07,51.1,49.62,-2.84,51.56,48.76,120592415,,,,,,,,,,50.39,50.39,48.27,7.356,17.069,28.57,35.71,14.29,23.22,61.45,,,,,
2026-01-20,002259,升达林业,4.18,4.24,4.26,1.91,4.32,4.11,28620700,,,,,,,,,,4.07,3.97,3.92,0.479,1.234,88.68,75.8,114.44,95.35,71.05,,,,,
2026-01-20,000001,上证指数,4114.0,4116.366,4113.649,-0.01,4128.93,4080.294,73436249600,,,,,,,,,,4113.65,4116.15,4043.47,588.814,1513.89,37.6,41.73,29.34,15.94,76.06,,,,,
2026-01-19,002624,完美世界,18.38,18.14,18.38,0.0,18.79,18.07,35367133,,,,,,,,,,18.37,17.83,17.07,3.257,6.506,72.41,64.95,87.33,82.17,83.22,,,,,
2026-01-19,600111,北方稀土,51.0,51.0,51.07,0.14,52.29,50.29,121633176,,,,,,,,,,50.63,50.24,48.07,7.544,17.317,60.95,57.3,68.25,61.93,68.24,,,,,
2026-01-19,002259,升达林业,4.12,4.13,4.18,1.46,4.24,4.09,35694068,,,,,,,,,,3.99,3.94,3.9,0.467,1.272,82.98,72.0,104.94,94.59,69.16,,,,,
2026-01-19,000001,上证指数,4101.913,4090.719,4114.0,0.29,4126.518,4090.057,68890587000,,,,,,,,,,4118.67,4113.15,4032.31,604.742,1551.941,37.88,41.92,29.8,47.33,76.47,,,,,
2026-01-16,002624,完美世界,18.38,18.53,18.38,0.0,18.75,17.62,63625907,,,,,,,,,,18.4,17.68,16.94,3.25,6.507,72.41,64.95,87.33,87.43,83.82,,,,,
2026-01-16,600111,北方稀土,50.43,50.45,51.0,1.13,52.2,50.21,150746541,,,,,,,,,,50.91,49.82,47.72,7.584,17.586,69.14,62.77,81.88,65.09,68.53,,,,,
2026-01-16,002259,升达林业,3.93,3.92,4.12,4.83,4.26,3.88,52441506,,,,,,,,,,3.93,3.94,3.88,0.46,1.316,70.21,63.48,83.67,87.88,63.55,,,,,
2026-01-16,000001,上证指数,4112.601,4127.063,4101.913,-0.26,4140.225,4091.811,76358846500,,,,,,,,,,4128.93,4104.09,4020.43,620.579,1590.789,46.34,47.56,43.9,56.5,75.37,,,,,
2026-01-15,002624,完美世界,18.41,18.22,18.38,-0.16,18.97,18.13,44595804,,,,,,,,,,18.24,17.49,16.8,3.23,6.513,72.41,64.95,87.33,89.5,82.48,,,,,
2026-01-15,600111,北方稀土,49.83,49.82,50.43,1.2,51.48,49.76,111914491,,,,,,,,,,50.59,49.33,47.41,7.608,17.882,63.85,59.24,73.07,49.6,65.56,,,,,
2026-01-15,002259,升达林业,3.88,3.85,3.93,1.29,4.04,3.84,29443884,,,,,,,,,,3.88,3.9,3.86,0.456,1.366,37.84,41.89,29.74,71.43,56.67,,,,,
2026-01-15,000001,上证指数,4126.093,4106.224,4112.601,-0.33,4133.073,4096.85,68025079100,,,,,,,,,,4132.63,4090.78,4008.85,637.52,1630.258,62.24,58.16,70.4,59.74,78.62,,,,,
2026-01-14,002624,完美世界,18.32,18.18,18.41,0.49,19.1,18.0,75507122,,,,,,,,,,17.96,17.29,16.62,3.196,6.528,76.12,67.42,93.52,87.89,83.95,,,,,
2026-01-14,600111,北方稀土,50.81,50.5,49.83,-1.93,52.49,49.06,177966952,,,,,,,,,,50.25,48.88,47.11,7.665,18.201,57.6,55.07,62.66,57.95,64.22,,,,,
2026-01-14,002259,升达林业,3.85,3.85,3.88,0.78,3.92,3.79,30349699,,,,,,,,,,3.86,3.89,3.85,0.47,1.419,33.33,38.88,22.23,27.78,51.11,,,,,
2026-01-14,000001,上证指数,4138.759,4138.645,4126.093,-0.31,4190.866,4103.621,95255128900,,,,,,,,,,4126.71,4076.04,3994.46,653.334,1670.707,72.48,64.99,87.46,66.78,83.19,,,,,
2026-01-13,002624,完美世界,18.52,18.72,18.32,-1.08,18.85,18.02,70788488,,,,,,,,,,17.61,17.08,16.44,3.143,6.558,80.37,70.26,100.59,80.26,77.58,,,,,
2026-01-13,600111,北方稀土,52.48,52.49,50.81,-3.18,52.69,50.6,151810925,,,,,,,,,,50.38,48.48,46.88,7.764,18.535,74.22,66.15,90.36,68.2,70.29,,,,,
2026-01-13,002259,升达林业,3.87,3.86,3.85,-0.52,3.94,3.85,18986263,,,,,,,,,,3.86,3.88,3.85,0.488,1.475,26.19,34.12,10.33,5.71,51.65,,,,,
2026-01-13,000001,上证指数,4165.287,4169.704,4138.759,-0.64,4179.702,4126.234,86838271700,,,,,,,,,,4118.64,4059.95,3981.55,667.526,1712.663,82.37,71.59,103.93,83.15,88.52,,,,,
2026-01-12,002624,完美世界,17.55,17.73,18.52,5.53,18.59,17.7,77701930,,,,,,,,,,17.29,16.88,16.24,3.08,6.608,97.28,81.54,128.76,90.19,79.46,,,,,
2026-01-12,600111,北方稀土,49.41,50.11,52.48,6.21,52.87,49.91,230241432,,,,,,,,,,49.85,48.01,46.66,7.747,18.915,95.12,80.1,125.16,81.99,81.12,,,,,
2026-01-12,002259,升达林业,3.85,3.85,3.87,0.52,3.87,3.83,18404310,,,,,,,,,,3.88,3.88,3.85,0.51,1.532,30.95,37.29,18.27,56.34,52.22,,,,,
2026-01-12,000001,上证指数,4120.426,4134.893,4165.287,1.09,4168.357,4119.879,83945608900,,,,,,,,,,4107.63,4042.45,3969.08,679.91,1756.769,98.61,82.42,130.99,98.62,98.82,,,,,
2026-01-09,002624,完美世界,17.01,16.95,17.55,3.17,17.65,16.95,51967370,,,,,,,,,,16.97,16.65,16.02,2.977,6.69,94.08,79.4,123.44,84.02,78.95,,,,,
2026-01-09,600111,北方稀土,48.71,48.5,49.41,1.44,50.17,48.33,143999645,,,,,,,,,,48.72,47.36,46.33,7.531,19.397,72.25,64.84,87.07,74.5,73.25,,,,,
2026-01-09,002259,升达林业,3.87,3.85,3.85,-0.52,3.86,3.82,18376400,,,,,,,,,,3.94,3.88,3.84,0.531,1.59,26.19,34.12,10.33,55.71,50.0,,,,,
2026-01-09,000001,上证指数,4082.979,4086.762,4120.426,0.92,4121.723,4083.616,72983798500,,,,,,,,,,4079.25,4021.88,3954.48,688.788,1804.168,99.26,82.86,132.06,98.26,98.59,,,,,
2026-01-08,002624,完美世界,16.65,16.64,17.01,2.16,17.22,16.57,44016046,,,,,,,,,,16.74,16.54,15.87,2.949,6.789,83.33,72.23,105.53,78.57,70.28,,,,,
2026-01-08,600111,北方稀土,50.5,49.77,48.71,-3.54,49.77,48.32,160920038,,,,,,,,,,48.07,46.98,46.18,7.569,19.929,61.08,57.39,68.46,72.55,70.98,,,,,
2026-01-08,002259,升达林业,3.87,3.84,3.87,0.0,3.89,3.79,20751300,,,,,,,,,,3.93,3.87,3.85,0.555,1.65,30.95,37.29,18.27,52.7,50.0,,,,,
2026-01-08,000001,上证指数,4085.772,4077.715,4082.979,-0.07,4093.872,4067.122,66613133700,,,,,,,,,,4048.93,4003.93,3943.48,700.923,1854.458,90.29,76.87,117.13,97.61,98.51,,,,,
2026-01-07,002624,完美世界,16.72,16.58,16.65,-0.42,16.88,16.49,32437305,,,,,,,,,,16.61,16.49,15.74,2.96,6.897,66.99,61.33,78.31,66.32,67.92,,,,,
2026-01-07,600111,北方稀土,48.15,49.3,50.5,4.88,51.15,48.26,271331496,,,,,,,,,,47.52,46.66,46.09,7.659,20.506,89.63,76.43,116.03,93.29,94.07,,,,,
2026-01-07,002259,升达林业,3.96,3.96,3.87,-2.27,3.98,3.84,32527801,,,,,,,,,,3.91,3.87,3.85,0.578,1.712,30.95,37.29,18.27,53.95,54.55,,,,,
2026-01-07,000001,上证指数,4083.667,4083.843,4085.772,0.05,4098.777,4069.436,68338435200,,,,,,,,,,4025.36,3987.63,3934.81,715.954,1907.277,93.03,78.7,121.69,99.87,99.92,,,,,
2026-01-06,002624,完美世界,16.91,16.75,16.72,-1.12,16.9,16.54,38854686,,,,,,,,,,16.54,16.4,15.61,2.999,7.01,77.12,68.09,95.18,75.25,71.0,,,,,
2026-01-06,600111,北方稀土,46.85,47.01,48.15,2.77,48.88,46.81,142382557,,,,,,,,,,46.57,46.16,45.92,7.549,21.182,81.75,71.18,102.89,87.86,80.69,,,,,
2026-01-06,002259,升达林业,4.16,4.12,3.96,-4.81,4.15,3.94,51215082,,,,,,,,,,3.9,3.87,3.86,0.603,1.775,52.38,51.59,53.96,56.94,62.11,,,,,
2026-01-06,000001,上证指数,4023.417,4026.016,4083.667,1.5,4083.667,4025.088,70247227000,,,,,,,,,,4001.26,3970.79,3926.72,730.121,1963.156,100.0,83.35,133.3,99.87,99.92,,,,,
2026-01-05,002624,完美世界,16.39,16.55,16.91,3.17,16.98,16.5,51278753,,,,,,,,,,16.47,16.31,15.48,3.026,7.129,94.03,79.37,123.35,71.7,81.79,,,,,
2026-01-05,600111,北方稀土,46.12,46.12,46.85,1.58,47.0,46.12,82405872,,,,,,,,,,46.16,45.9,45.88,7.636,21.92,92.92,78.63,121.5,82.2,76.79,,,,,
2026-01-05,002259,升达林业,3.78,3.79,4.16,10.05,4.16,3.79,26885142,,,,,,,,,,3.87,3.86,3.86,0.62,1.842,100.0,83.35,133.3,80.36,78.67,,,,,
2026-01-05,000001,上证指数,3968.84,3986.972,4023.417,1.38,4025.263,3983.576,59695045500,,,,,,,,,,3977.27,3951.47,3917.68,743.752,2022.613,98.52,82.36,130.84,99.8,99.92,,,,,
2025-12-31,002624,完美世界,16.4,16.4,16.39,-0.06,16.64,16.21,27575529,,,,,,,,,,16.33,16.19,15.34,3.025,7.264,57.45,54.97,62.41,36.36,79.15,,,,,
2025-12-31,600111,北方稀土,45.97,45.95,46.12,0.33,46.85,45.7,71091548,,,,,,,,,,46.0,45.62,45.87,7.84,22.7,71.84,64.57,86.38,74.63,59.41,,,,,
2025-12-31,002259,升达林业,3.77,3.77,3.78,0.27,3.81,3.74,8030100,,,,,,,,,,3.81,3.82,3.85,0.615,1.919,22.22,31.47,3.72,36.84,43.75,,,,,
2025-12-31,000001,上证指数,3965.116,3968.726,3968.84,0.09,3977.536,3955.487,49075149000,,,,,,,,,,3964.51,3936.76,3910.3,762.648,2084.777,86.51,74.35,110.83,99.67,76.92,,,,,
2025-12-30,002624,完美世界,16.29,16.28,16.4,0.68,16.72,16.15,33458830,,,,,,,,,,16.34,16.11,15.22,3.068,7.405,65.29,60.2,75.47,73.38,82.1,,,,,
2025-12-30,600111,北方稀土,45.77,45.17,45.97,0.44,46.56,44.88,63641851,,,,,,,,,,45.9,45.49,45.93,8.116,23.509,66.67,61.12,77.77,66.41,44.78,,,,,
2025-12-30,002259,升达林业,3.83,3.83,3.77,-1.57,3.85,3.74,9062500,,,,,,,,,,3.82,3.81,3.86,0.647,1.997,28.57,35.71,14.29,30.0,44.9,,,,,
2025-12-30,000001,上证指数,3965.28,3947.871,3965.116,-0.0,3979.99,3947.419,52593258800,,,,,,,,,,3958.93,3926.91,3905.76,786.869,2148.657,85.21,73.49,108.65,99.66,68.47,,,,,
2025-12-29,002624,完美世界,16.34,16.47,16.29,-0.31,16.67,16.02,34932697,,,,,,,,,,16.37,15.95,15.12,3.102,7.556,69.03,62.69,81.71,63.75,81.7,,,,,
2025-12-29,600111,北方稀土,46.11,46.26,45.77,-0.74,46.9,45.58,66016964,,,,,,,,,,45.8,45.33,45.95,8.416,24.343,64.13,59.42,73.55,61.95,49.77,,,,,
2025-12-29,002259,升达林业,3.81,3.84,3.83,0.52,3.88,3.77,11352900,,,,,,,,,,3.83,3.81,3.87,0.682,2.076,65.38,60.26,75.62,37.5,47.83,,,,,
2025-12-29,000001,上证指数,3963.679,3964.651,3965.28,0.04,3983.979,3956.946,56368719700,,,,,,,,,,3949.9,3912.88,3902.39,811.867,2214.273,88.73,75.83,114.53,100,70.8,,,,,
2025-12-26,002624,完美世界,16.21,16.22,16.34,0.8,16.35,15.96,32773081,,,,,,,,,,16.25,15.8,15.03,3.142,7.715,75.38,66.93,92.28,68.82,78.01,,,,,
2025-12-26,600111,北方稀土,46.03,46.0,46.11,0.17,46.42,45.63,64855511,,,,,,,,,,45.75,45.27,46.04,8.747,25.2,89.31,76.22,115.49,95.87,47.86,,,,,
2025-12-26,002259,升达林业,3.86,3.87,3.81,-1.3,3.9,3.8,8279960,,,,,,,,,,3.83,3.81,3.88,0.712,2.157,57.69,55.13,62.81,56.52,40.0,,,,,
2025-12-26,000001,上证指数,3959.621,3957.833,3963.679,0.1,3977.706,3945.524,55548959200,,,,,,,,,,3940.32,3903.14,3899.82,837.26,2281.742,91.33,77.57,118.85,100,62.81,,,,,
2025-12-25,002624,完美世界,16.45,16.38,16.21,-1.46,16.58,16.11,32705832,,,,,,,,,,16.15,15.6,14.92,3.171,7.886,70.45,63.64,84.07,68.45,78.4,,,,,
2025-12-25,600111,北方稀土,45.62,45.5,46.03,0.9,46.18,45.15,65419931,,,,,,,,,,45.63,45.32,45.98,9.055,26.086,94.36,79.59,123.9,73.36,44.21,,,,,
2025-12-25,002259,升达林业,3.82,3.81,3.86,1.05,3.87,3.79,7342800,,,,,,,,,,3.85,3.81,3.89,0.747,2.24,76.92,67.96,94.84,78.26,37.74,,,,,
2025-12-25,000001,上证指数,3940.947,3937.72,3959.621,0.47,3964.073,3936.078,46931309300,,,,,,,,,,3925.67,3895.71,3896.07,863.188,2351.163,97.0,81.35,128.3,100,59.96,,,,,
2025-12-24,002624,完美世界,16.57,16.6,16.45,-0.72,16.99,16.23,49759972,,,,,,,,,,16.05,15.4,14.87,3.204,8.071,80.78,70.53,101.28,86.7,85.02,,,,,
2025-12-24,600111,北方稀土,45.46,45.58,45.62,0.35,45.73,45.26,41832060,,,,,,,,,,45.25,45.3,45.9,9.379,27.002,68.4,62.27,80.66,72.96,38.98,,,,,
2025-12-24,002259,升达林业,3.83,3.83,3.82,-0.26,3.87,3.8,5164800,,,,,,,,,,3.83,3.81,3.89,0.778,2.326,61.54,57.7,69.22,73.68,30.19,,,,,
2025-12-24,000001,上证指数,3919.979,3920.347,3940.947,0.53,3947.041,3912.311,47489644700,,,,,,,,,,3909.02,3887.08,3891.85,889.878,2422.588,95.36,80.26,125.56,100,53.41,,,,,
2025-12-23,002624,完美世界,15.68,15.91,16.57,5.68,16.63,15.81,71838205,,,,,,,,,,15.88,15.21,14.81,3.207,8.278,97.55,81.72,129.21,92.17,88.44,,,,,
2025-12-23,600111,北方稀土,45.55,45.8,45.46,-0.2,45.99,45.11,54147328,,,,,,,,,,45.07,45.38,45.85,9.756,27.938,61.59,57.73,69.31,53.39,36.78,,,,,
2025-12-23,002259,升达林业,3.85,3.85,3.83,-0.52,3.9,3.82,5690500,,,,,,,,,,3.81,3.82,3.9,0.815,2.413,62.96,58.64,71.6,48.28,33.33,,,,,
2025-12-23,000001,上证指数,3917.364,3919.106,3919.979,0.07,3937.127,3910.745,52115695200,,,,,,,,,,3894.89,3883.03,3888.01,918.825,2495.706,85.86,73.92,109.74,68.82,53.47,,,,,
2025-12-22,002624,完美世界,15.85,16.01,15.68,-1.07,16.49,15.65,44114113,,,,,,,,,,15.53,14.98,14.76,3.186,8.516,66.94,61.3,78.22,90.0,84.19,,,,,
2025-12-22,600111,北方稀土,45.5,45.25,45.55,0.11,45.73,45.05,57473526,,,,,,,,,,44.86,45.52,45.83,10.163,28.89,60.42,56.95,67.36,38.84,42.75,,,,,
2025-12-22,002259,升达林业,3.87,3.91,3.85,-0.52,3.92,3.83,6184200,,,,,,,,,,3.79,3.84,3.91,0.852,2.502,55.88,53.92,59.8,55.17,44.26,,,,,
2025-12-22,000001,上证指数,3890.448,3900.535,3917.364,0.69,3920.012,3900.515,52293899200,,,,,,,,,,3875.85,3881.99,3885.52,950.46,2570.054,97.46,81.66,129.06,58.92,57.64,,,,,
2025-12-19,002624,完美世界,15.7,15.69,15.85,0.96,15.93,15.58,29153058,,,,,,,,,,15.35,14.83,14.74,3.241,8.771,88.29,75.54,113.79,100,90.91,,,,,
2025-12-19,600111,北方稀土,44.11,44.13,45.5,3.15,45.5,44.13,81182972,,,,,,,,,,44.79,45.68,45.79,10.58,29.856,50.38,50.25,50.64,47.22,39.46,,,,,
2025-12-19,002259,升达林业,3.78,3.79,3.87,2.38,3.88,3.78,6858372,,,,,,,,,,3.79,3.85,3.91,0.89,2.592,53.85,52.57,56.41,53.33,39.71,,,,,
2025-12-19,000001,上证指数,3876.371,3878.227,3890.448,0.36,3902.671,3871.777,51351189300,,,,,,,,,,3865.97,3882.66,3881.49,983.161,2645.52,69.04,62.7,81.72,55.86,52.52,,,,,
2025-12-18,002624,完美世界,15.59,15.49,15.7,0.71,16.09,15.29,53843137,,,,,,,,,,15.04,14.65,14.68,3.275,9.048,80.98,70.66,101.62,87.65,79.06,,,,,
2025-12-18,600111,北方稀土,44.75,44.38,44.11,-1.43,45.42,44.11,48070195,,,,,,,,,,45.01,45.86,45.72,11.018,30.833,14.71,26.46,-8.79,25.16,34.91,,,,,
2025-12-18,002259,升达林业,3.73,3.74,3.78,1.34,3.82,3.71,8490100,,,,,,,,,,3.78,3.87,3.91,0.927,2.684,28.57,35.71,14.29,25.93,33.87,,,,,
2025-12-18,000001,上证指数,3870.278,3857.257,3876.371,0.16,3888.285,3856.423,46117262500,,,,,,,,,,3865.75,3883.89,3878.71,1019.428,2721.353,50.24,50.16,50.4,42.43,45.78,,,,,
2025-12-17,002624,完美世界,14.85,14.77,15.59,4.98,15.62,14.73,63914679,,,,,,,,,,14.76,14.49,14.65,3.317,9.35,98.27,82.2,130.41,88.24,71.02,,,,,
2025-12-17,600111,北方稀土,44.38,44.09,44.75,0.83,44.94,43.75,53449153,,,,,,,,,,45.35,46.12,45.86,11.618,31.783,28.41,35.6,14.03,26.19,32.64,,,,,
2025-12-17,002259,升达林业,3.73,3.73,3.73,0.0,3.76,3.66,9856544,,,,,,,,,,3.79,3.88,3.92,0.975,2.776,16.67,27.77,-5.53,6.67,32.79,,,,,
2025-12-17,000001,上证指数,3824.812,3822.509,3870.278,1.19,3881.752,3817.996,51231369200,,,,,,,,,,3865.13,3883.84,3881.44,1058.301,2796.947,45.19,46.79,41.99,37.9,41.7,,,,,
2025-12-16,002624,完美世界,14.74,14.69,14.85,0.75,14.96,14.35,44469935,,,,,,,,,,14.53,14.34,14.62,3.362,9.678,75.0,66.68,91.64,81.65,66.19,,,,,
2025-12-16,600111,北方稀土,45.23,44.92,44.38,-1.88,44.92,43.52,72828636,,,,,,,,,,45.68,46.36,45.95,12.19,32.708,19.86,29.9,-0.22,18.04,47.0,,,,,
2025-12-16,002259,升达林业,3.84,3.84,3.73,-2.86,3.85,3.69,11319900,,,,,,,,,,3.83,3.91,3.93,1.031,2.865,10.26,23.49,-16.2,5.88,29.85,,,,,
2025-12-16,000001,上证指数,3867.921,3861.515,3824.812,-1.11,3862.427,3815.844,51249482700,,,,,,,,,,3871.18,3884.61,3885.27,1099.176,2871.772,7.44,21.61,-20.9,12.21,36.89,,,,,
2025-12-15,002624,完美世界,14.32,14.5,14.74,2.93,15.17,14.5,46215948,,,,,,,,,,14.42,14.29,14.64,3.478,10.018,66.41,60.95,77.33,80.58,42.81,,,,,
2025-12-15,600111,北方稀土,46.59,45.75,45.23,-2.92,46.08,45.19,54448449,,,,,,,,,,46.18,46.57,46.03,12.832,33.589,3.92,19.26,-26.76,21.47,53.98,,,,,
2025-12-15,002259,升达林业,3.82,3.81,3.84,0.52,3.91,3.78,7325900,,,,,,,,,,3.88,3.94,3.95,1.092,2.95,20.0,29.99,0.02,16.0,42.86,,,,,
2025-12-15,000001,上证指数,3889.346,3865.402,3867.921,-0.55,3896.977,3863.63,50092279000,,,,,,,,,,3888.12,3891.9,3891.02,1146.182,2944.198,20.21,30.13,0.37,34.07,48.28,,,,,
2025-12-12,002624,完美世界,14.28,14.26,14.32,0.28,14.41,14.18,18557851,,,,,,,,,,14.31,14.27,14.66,3.607,10.369,56.58,54.39,60.96,68.75,32.58,,,,,
2025-12-12,600111,北方稀土,45.8,45.9,46.59,1.72,46.59,45.09,74952716,,,,,,,,,,46.57,46.8,46.13,13.428,34.43,42.02,44.68,36.7,48.83,61.59,,,,,
2025-12-12,002259,升达林业,3.85,3.85,3.82,-0.78,3.87,3.81,6012300,,,,,,,,,,3.92,3.95,3.97,1.144,3.033,3.7,19.12,-27.14,34.38,40.32,,,,,
2025-12-12,000001,上证指数,3873.318,3869.413,3889.346,0.41,3891.807,3850.597,57394713000,,,,,,,,,,3899.35,3896.51,3896.22,1190.956,3014.483,45.21,46.81,42.01,55.89,56.19,,,,,
2025-12-11,002624,完美世界,14.48,14.5,14.28,-1.38,14.65,14.26,22856849,,,,,,,,,,14.26,14.25,14.71,3.784,10.719,51.32,50.88,52.2,68.25,27.52,,,,,
2025-12-11,600111,北方稀土,46.4,46.41,45.8,-1.29,46.67,45.66,58174361,,,,,,,,,,46.71,46.64,46.14,13.917,35.255,4.67,19.76,-25.51,24.28,54.41,,,,,
2025-12-11,002259,升达林业,3.91,3.93,3.85,-1.53,3.93,3.84,7027200,,,,,,,,,,3.96,3.96,4.0,1.202,3.111,4.17,19.43,-26.35,28.95,40.32,,,,,
2025-12-11,000001,上证指数,3900.496,3903.895,3873.318,-0.7,3904.963,3862.821,52565860000,,,,,,,,,,3902.04,3896.43,3901.28,1235.241,3082.483,18.47,28.97,-2.53,47.69,50.85,,,,,
2025-12-10,002624,完美世界,14.29,14.23,14.48,1.33,14.54,14.04,28765312,,,,,,,,,,14.22,14.34,14.77,3.975,11.065,67.82,61.89,79.68,59.72,38.36,,,,,
2025-12-10,600111,北方稀土,46.86,46.88,46.4,-0.98,46.88,45.81,60190081,,,,,,,,,,46.89,46.5,46.18,14.502,36.036,51.08,50.72,51.8,50.0,59.61,,,,,
2025-12-10,002259,升达林业,3.99,3.98,3.91,-2.01,4.0,3.9,9286100,,,,,,,,,,3.97,3.97,4.02,1.26,3.185,22.73,31.81,4.57,40.0,48.33,,,,,
2025-12-10,000001,上证指数,3909.522,3901.128,3900.496,-0.23,3906.116,3876.475,49733150400,,,,,,,,,,3902.54,3896.63,3909.09,1282.626,3147.137,55.27,53.52,58.77,51.48,66.01,,,,,
2025-12-09,002624,完美世界,14.16,14.13,14.29,0.92,14.55,14.11,31576079,,,,,,,,,,14.14,14.42,14.82,4.157,11.409,24.1,32.72,6.86,32.0,43.68,,,,,
2025-12-09,600111,北方稀土,47.18,47.0,46.86,-0.68,47.45,46.49,63176244,,,,,,,,,,47.05,46.32,46.14,15.052,36.778,61.04,57.36,68.4,40.38,66.43,,,,,
2025-12-09,002259,升达林业,4.03,4.03,3.99,-0.99,4.05,3.97,11033958,,,,,,,,,,3.99,3.98,4.03,1.316,3.255,59.09,56.06,65.15,58.06,62.3,,,,,
2025-12-09,000001,上证指数,3924.078,3916.509,3909.522,-0.37,3923.899,3902.128,52453825600,,,,,,,,,,3898.04,3893.0,3914.07,1328.955,3208.291,66.54,61.03,77.56,47.78,69.45,,,,,
2025-12-08,002624,完美世界,14.11,14.11,14.16,0.35,14.33,14.05,24928900,,,,,,,,,,14.15,14.55,14.89,4.367,11.743,15.17,26.77,-8.03,49.5,39.38,,,,,
2025-12-08,600111,北方稀土,47.33,47.33,47.18,-0.32,47.53,46.58,82795825,,,,,,,,,,46.96,46.14,46.13,15.573,37.482,67.97,61.99,79.93,68.35,51.52,,,,,
2025-12-08,002259,升达林业,4.01,4.01,4.03,0.5,4.08,3.98,8899964,,,,,,,,,,3.99,3.97,4.03,1.366,3.32,77.27,68.19,95.43,54.55,52.78,,,,,
2025-12-08,000001,上证指数,3902.808,3909.226,3924.078,0.54,3936.311,3904.738,54734978900,,,,,,,,,,3895.68,3889.05,3918.73,1375.765,3265.386,84.72,73.16,107.84,65.85,48.73,,,,,
2025-12-05,002624,完美世界,14.08,14.03,14.11,0.21,14.15,13.89,18741091,,,,,,,,,,14.23,14.66,14.97,4.603,12.06,11.22,24.13,-14.6,22.96,36.51,,,,,
2025-12-05,600111,北方稀土,46.66,46.93,47.33,1.44,47.85,46.28,89610789,,,,,,,,,,47.04,45.9,46.16,16.077,38.148,71.21,64.15,85.33,72.8,53.47,,,,,
2025-12-05,002259,升达林业,3.92,3.92,4.01,2.3,4.02,3.86,10395672,,,,,,,,,,3.97,3.96,4.04,1.413,3.382,68.18,62.13,80.28,60.53,48.65,,,,,
2025-12-05,000001,上证指数,3875.793,3873.121,3902.808,0.7,3907.782,3863.314,50036876800,,,,,,,,,,3893.66,3880.31,3923.46,1422.388,3317.962,83.19,72.14,105.29,63.25,41.8,,,,,
2025-12-04,002624,完美世界,14.05,14.08,14.08,0.21,14.25,13.89,21919144,,,,,,,,,,14.24,14.72,15.06,4.859,12.353,9.69,23.11,-17.15,21.0,34.2,,,,,
2025-12-04,600111,北方稀土,47.22,46.81,46.66,-1.19,46.92,46.01,76137269,,,,,,,,,,46.57,45.58,46.21,16.574,38.773,61.24,57.5,68.72,68.16,53.47,,,,,
2025-12-04,002259,升达林业,4.01,3.99,3.92,-2.24,4.03,3.91,7446300,,,,,,,,,,3.97,3.95,4.04,1.464,3.438,30.43,36.95,17.39,46.67,35.53,,,,,
2025-12-04,000001,上证指数,3878.0,3879.742,3875.793,-0.06,3888.86,3859.049,44504029000,,,,,,,,,,3890.82,3873.52,3928.2,1472.278,3364.638,60.49,57.0,67.47,56.59,37.08,,,,,
2025-12-03,002624,完美世界,14.34,14.3,14.05,-2.02,14.52,13.98,26959482,,,,,,,,,,14.46,14.8,15.18,5.134,12.614,3.74,19.14,-27.06,16.6,35.71,,,,,
2025-12-03,600111,北方稀土,46.4,46.63,47.22,1.77,48.66,46.46,144056489,,,,,,,,,,46.12,45.6,46.27,17.145,39.333,72.09,64.73,86.81,68.87,49.87,,,,,
2025-12-03,002259,升达林业,3.98,3.97,4.01,0.75,4.02,3.93,10950415,,,,,,,,,,3.97,3.95,4.05,1.525,3.487,73.08,65.39,88.46,58.33,34.62,,,,,
2025-12-03,000001,上证指数,3897.712,3894.156,3878.0,-0.51,3901.696,3869.953,48561727000,,,,,,,,,,3890.71,3879.05,3934.79,1526.277,3403.648,62.75,58.5,71.25,54.35,33.08,,,,,
2025-12-02,002624,完美世界,14.56,14.53,14.34,-1.51,14.65,14.25,25302841,,,,,,,,,,14.7,14.91,15.3,5.431,12.833,16.57,27.7,-5.69,32.11,37.14,,,,,
2025-12-02,600111,北方稀土,47.57,47.5,46.4,-2.46,47.5,46.04,85524622,,,,,,,,,,45.59,45.54,46.3,17.674,39.831,68.24,62.17,80.38,65.18,48.42,,,,,
2025-12-02,002259,升达林业,3.94,3.94,3.98,1.02,4.07,3.88,12420356,,,,,,,,,,3.96,3.95,4.06,1.581,3.527,61.54,57.7,69.22,60.0,28.92,,,,,
2025-12-02,000001,上证指数,3914.006,3908.456,3897.712,-0.42,3908.769,3888.328,45558449400,,,,,,,,,,3887.95,3885.92,3939.36,1581.767,3433.663,53.59,52.39,55.99,78.96,33.23,,,,,
2025-12-01,002624,完美世界,14.17,14.23,14.56,2.75,14.57,14.15,53221386,,,,,,,,,,14.95,15.0,15.46,5.72,13.007,28.73,35.81,14.57,46.89,37.63,,,,,
2025-12-01,600111,北方稀土,45.0,45.9,47.57,5.71,47.59,45.9,168507470,,,,,,,,,,45.32,45.49,46.44,18.294,40.237,95.76,80.52,126.24,86.84,53.95,,,,,
2025-12-01,002259,升达林业,4.0,4.0,3.94,-1.5,4.02,3.92,8581114,,,,,,,,,,3.96,3.97,4.07,1.64,3.558,37.5,41.66,29.18,66.67,36.56,,,,,
2025-12-01,000001,上证指数,3888.596,3894.213,3914.006,0.65,3914.464,3890.949,53755413300,,,,,,,,,,3882.41,3890.13,3942.48,1636.963,3453.63,64.35,59.57,73.91,93.57,30.7,,,,,
2025-11-28,002624,完美世界,15.17,14.46,14.17,-6.59,14.76,14.04,78503737,,,,,,,,,,15.08,15.06,15.62,6.004,13.132,7.18,21.44,-21.34,35.32,31.16,,,,,
2025-11-28,600111,北方稀土,44.43,44.44,45.0,1.28,45.07,44.04,56021718,,,,,,,,,,44.77,45.45,46.5,18.811,40.564,35.29,40.19,25.49,31.08,46.73,,,,,
2025-11-28,002259,升达林业,3.93,3.91,4.0,1.78,4.03,3.91,13698814,,,,,,,,,,3.95,4.0,4.09,1.706,3.577,42.86,45.24,38.1,51.28,42.39,,,,,
2025-11-28,000001,上证指数,3875.259,3870.944,3888.596,0.34,3888.889,3856.25,44993197300,,,,,,,,,,3866.97,3895.94,3945.61,1691.974,3462.34,47.57,48.38,45.95,36.86,31.61,,,,,
2025-11-27,002624,完美世界,15.24,15.21,15.17,-0.46,15.55,15.15,23436600,,,,,,,,,,15.2,15.18,15.77,6.343,13.188,42.37,44.91,37.29,52.05,41.67,,,,,
2025-11-27,600111,北方稀土,44.55,44.7,44.43,-0.27,45.44,44.34,62849038,,,,,,,,,,44.59,45.63,46.79,19.591,40.736,21.88,31.24,3.16,26.74,38.35,,,,,
2025-11-27,002259,升达林业,3.94,3.92,3.93,-0.25,3.99,3.91,9311005,,,,,,,,,,3.92,4.04,4.09,1.769,3.582,17.19,28.12,-4.67,36.11,39.08,,,,,
2025-11-27,000001,上证指数,3864.184,3867.197,3875.259,0.29,3895.589,3864.131,44402194700,,,,,,,,,,3856.22,3906.13,3948.92,1750.822,3457.427,33.38,38.91,22.32,28.19,28.2,,,,,
2025-11-26,002624,完美世界,15.62,15.5,15.24,-2.43,15.67,15.23,29761927,,,,,,,,,,15.14,15.21,15.86,6.603,13.185,48.31,48.87,47.19,48.63,39.62,,,,,
2025-11-26,600111,北方稀土,45.05,44.9,44.55,-1.11,45.1,44.36,50808043,,,,,,,,,,45.08,45.86,47.22,20.463,40.713,24.71,33.13,7.87,36.89,34.36,,,,,
2025-11-26,002259,升达林业,3.97,3.97,3.94,-0.76,4.08,3.92,9889000,,,,,,,,,,3.93,4.06,4.1,1.84,3.569,18.75,29.16,-2.07,28.26,39.53,,,,,
2025-11-26,000001,上证指数,3870.023,3867.429,3864.184,-0.15,3879.923,3861.177,45758975500,,,,,,,,,,3867.38,3921.55,3954.5,1812.578,3436.461,21.89,31.25,3.17,26.33,24.03,,,,,
2025-11-25,002624,完美世界,15.22,15.27,15.62,2.63,15.85,15.2,47386394,,,,,,,,,,15.12,15.23,15.98,6.867,13.117,80.51,70.35,100.83,64.33,42.17,,,,,
2025-11-25,600111,北方稀土,44.84,44.86,45.05,0.47,45.7,44.56,64450777,,,,,,,,,,45.48,45.97,47.59,21.366,40.46,36.47,40.98,27.45,31.67,34.46,,,,,
2025-11-25,002259,升达林业,3.93,3.97,3.97,1.02,4.0,3.92,8616500,,,,,,,,,,3.95,4.08,4.12,1.914,3.537,23.44,32.28,5.76,24.07,41.67,,,,,
2025-11-25,000001,上证指数,3836.766,3850.571,3870.023,0.87,3882.03,3845.138,47872761100,,,,,,,,,,3883.89,3935.15,3962.11,1877.18,3396.724,24.57,33.04,7.63,22.6,29.59,,,,,
2025-11-24,002624,完美世界,14.73,14.77,15.22,3.33,15.27,14.67,34871268,,,,,,,,,,15.05,15.22,16.04,7.104,12.98,49.11,49.41,48.51,46.56,25.39,,,,,
2025-11-24,600111,北方稀土,44.1,44.4,44.84,1.68,45.21,43.5,85264452,,,,,,,,,,45.65,46.12,47.89,22.261,39.953,31.53,37.68,19.23,34.71,34.9,,,,,
2025-11-24,002259,升达林业,3.84,3.87,3.93,2.34,3.97,3.85,12876120,,,,,,,,,,3.99,4.1,4.13,1.987,3.482,17.19,28.12,-4.67,15.52,38.27,,,,,
2025-11-24,000001,上证指数,3834.891,3848.657,3836.766,0.05,3854.331,3816.576,50460171600,,,,,,,,,,3897.85,3948.42,3968.02,1943.053,3335.551,9.28,22.84,-17.84,5.14,20.46,,,,,
2025-11-21,002624,完美世界,14.91,14.78,14.73,-1.21,15.08,14.69,28508102,,,,,,,,,,15.04,15.28,16.13,7.386,12.757,3.45,18.95,-27.55,12.12,10.33,,,,,
2025-11-21,600111,北方稀土,46.85,46.0,44.1,-5.87,46.0,44.09,101006214,,,,,,,,,,46.13,46.42,48.31,23.217,39.143,0.25,16.82,-32.89,25.99,31.48,,,,,
2025-11-21,002259,升达林业,3.99,3.95,3.84,-3.76,4.06,3.82,13465400,,,,,,,,,,4.05,4.12,4.15,2.068,3.401,3.13,18.74,-28.09,22.22,27.85,,,,,
2025-11-21,000001,上证指数,3931.051,3896.665,3834.891,-2.45,3912.006,3834.749,63164625100,,,,,,,,,,3924.91,3966.6,3976.02,2014.11,3248.967,0.07,16.7,-33.19,3.32,29.4,,,,,
2025-11-20,002624,完美世界,15.1,15.16,14.91,-1.26,15.21,14.91,17781694,,,,,,,,,,15.16,15.41,16.26,7.731,12.418,0.0,16.65,-33.3,18.82,7.33,,,,,
2025-11-20,600111,北方稀土,46.57,46.03,46.85,0.6,47.75,46.01,91094069,,,,,,,,,,46.67,46.83,48.67,24.293,37.962,43.51,45.67,39.19,65.99,36.75,,,,,
2025-11-20,002259,升达林业,4.03,4.04,3.99,-0.99,4.04,3.96,10682824,,,,,,,,,,4.15,4.14,4.17,2.16,3.286,6.0,20.65,-23.3,35.85,34.37,,,,,
2025-11-20,000001,上证指数,3946.742,3960.699,3931.051,-0.4,3967.971,3927.512,53474954000,,,,,,,,,,3956.03,3982.87,3981.8,2087.594,3133.19,4.15,19.42,-26.39,25.62,43.9,,,,,
2025-11-19,002624,完美世界,15.29,15.28,15.1,-1.24,15.28,15.01,19434210,,,,,,,,,,15.27,15.57,16.38,8.075,11.952,6.76,21.16,-22.04,19.75,6.83,,,,,
2025-11-19,600111,北方稀土,45.9,45.82,46.57,1.46,47.23,45.6,77841241,,,,,,,,,,46.65,46.95,48.81,25.145,36.421,35.09,40.06,25.15,49.68,36.15,,,,,
2025-11-19,002259,升达林业,4.14,4.12,4.03,-2.66,4.14,4.02,11078000,,,,,,,,,,4.19,4.16,4.19,2.241,3.136,2.27,18.16,-29.51,41.18,36.67,,,,,
2025-11-19,000001,上证指数,3939.813,3937.92,3946.742,0.18,3960.052,3930.075,53114960100,,,,,,,,,,3975.72,3990.54,3981.36,2153.582,2986.443,18.75,29.16,-2.07,28.22,43.79,,,,,
2025-11-18,002624,完美世界,15.17,15.13,15.29,0.79,15.38,15.05,24206355,,,,,,,,,,15.34,15.7,16.48,8.415,11.342,19.46,29.63,-0.88,19.51,25.66,,,,,
2025-11-18,600111,北方稀土,47.25,47.2,45.9,-2.86,47.24,45.55,70208931,,,,,,,,,,46.45,47.07,49.02,26.049,34.461,19.72,29.8,-0.44,31.87,24.56,,,,,
2025-11-18,002259,升达林业,4.25,4.23,4.14,-2.59,4.24,4.1,15323700,,,,,,,,,,4.21,4.17,4.2,2.322,2.948,15.79,27.18,-6.99,52.5,50.0,,,,,
2025-11-18,000001,上证指数,3972.035,3962.444,3939.813,-0.81,3966.885,3926.589,59441104600,,,,,,,,,,3986.4,3992.79,3979.71,2219.021,2804.993,12.3,24.85,-12.8,21.35,47.06,,,,,
2025-11-17,002624,完美世界,15.31,15.16,15.17,-0.91,15.26,15.0,22778207,,,,,,,,,,15.4,15.92,16.58,8.752,10.572,7.08,21.37,-21.5,4.35,26.63,,,,,
2025-11-17,600111,北方稀土,46.76,47.0,47.25,1.05,47.74,46.8,72796354,,,,,,,,,,46.59,47.39,49.34,27.049,32.007,50.69,50.46,51.15,38.3,22.59,,,,,
2025-11-17,002259,升达林业,4.33,4.41,4.25,-1.85,4.46,4.22,18231010,,,,,,,,,,4.21,4.18,4.22,2.395,2.717,44.74,46.49,41.24,73.33,62.79,,,,,
2025-11-17,000001,上证指数,3990.492,3988.556,3972.035,-0.46,3992.404,3958.948,59201795000,,,,,,,,,,3998.99,3994.83,3978.54,2285.899,2584.142,44.35,46.23,40.59,39.9,47.08,,,,,
2025-11-14,002624,完美世界,15.48,15.4,15.31,-1.1,15.65,15.31,25797899,,,,,,,,,,15.52,16.19,16.67,9.116,,1.12,17.4,-31.44,3.2,23.72,,,,,
2025-11-14,600111,北方稀土,46.76,46.28,46.76,0.0,47.56,45.71,80921772,,,,,,,,,,46.7,47.55,49.59,27.947,,35.03,40.02,25.05,35.18,27.37,,,,,
2025-11-14,002259,升达林业,4.19,4.16,4.33,3.34,4.44,4.15,27802893,,,,,,,,,,4.18,4.17,4.22,2.456,,69.44,62.97,82.38,95.65,61.36,,,,,
2025-11-14,000001,上证指数,4029.501,4007.126,3990.492,-0.97,4034.079,3990.307,62201711800,,,,,,,,,,4008.3,3995.28,3973.13,2350.184,,60.91,57.28,68.17,42.69,45.13,,,,,
2025-11-13,002624,完美世界,15.44,15.36,15.48,0.26,15.51,15.28,25684486,,,,,,,,,,15.66,16.37,16.73,9.48,,7.46,21.63,-20.88,8.77,34.66,,,,,
2025-11-13,600111,北方稀土,45.58,45.5,46.76,2.59,47.23,45.41,103523109,,,,,,,,,,47.0,47.96,49.9,28.913,,29.91,36.6,16.53,38.44,31.94,,,,,
2025-11-13,002259,升达林业,4.14,4.16,4.19,1.21,4.2,4.11,10965800,,,,,,,,,,4.14,4.15,4.22,2.509,,68.75,62.51,81.23,50.0,36.11,,,,,
2025-11-13,000001,上证指数,4000.14,3996.514,4029.501,0.73,4030.398,3994.771,61303106100,,,,,,,,,,4009.71,3991.71,3965.6,2412.692,,99.17,82.8,131.91,75.62,58.11,,,,,
2025-11-12,002624,完美世界,15.59,15.63,15.44,-0.96,15.79,15.31,31164850,,,,,,,,,,15.86,16.52,16.81,9.842,,4.91,19.92,-25.11,2.79,33.89,,,,,
2025-11-12,600111,北方稀土,46.6,46.6,45.58,-2.19,46.6,45.04,83670613,,,,,,,,,,47.25,48.58,50.22,29.905,,7.24,21.48,-21.24,11.06,20.25,,,,,
2025-11-12,002259,升达林业,4.12,4.11,4.14,0.49,4.19,4.11,11943200,,,,,,,,,,4.12,4.15,4.21,2.574,,37.5,41.66,29.18,27.27,43.9,,,,,
2025-11-12,000001,上证指数,4002.758,3996.565,4000.14,-0.07,4020.378,3980.676,58619322800,,,,,,,,,,4005.36,3987.45,3959.93,2470.865,,75.77,67.19,92.93,70.54,50.68,,,,,
2025-11-11,002624,完美世界,15.79,15.8,15.59,-1.27,15.85,15.51,36280225,,,,,,,,,,16.06,16.73,16.9,10.221,,3.27,18.83,-27.85,2.49,32.66,,,,,
2025-11-11,600111,北方稀土,47.8,47.79,46.6,-2.51,48.08,46.46,90055964,,,,,,,,,,47.69,49.21,50.67,31.042,,1.55,17.68,-30.71,18.92,33.71,,,,,
2025-11-11,002259,升达林业,4.12,4.13,4.12,0.0,4.16,4.1,9079004,,,,,,,,,,4.13,4.16,4.22,2.643,,25.0,33.33,8.34,11.11,34.78,,,,,
2025-11-11,000001,上证指数,4018.597,4023.877,4002.758,-0.39,4024.939,3991.516,58199492100,,,,,,,,,,3999.18,3989.06,3955.54,2530.869,,77.75,68.51,96.23,61.82,59.44,,,,,
2025-11-10,002624,完美世界,16.01,16.03,15.79,-1.37,16.21,15.7,45631088,,,,,,,,,,16.43,16.86,16.98,10.598,,3.98,19.3,-26.66,27.36,34.45,,,,,
2025-11-10,600111,北方稀土,48.27,48.98,47.8,-0.97,49.2,47.53,77565832,,,,,,,,,,48.19,49.65,51.18,32.114,,9.41,22.93,-17.63,15.87,43.2,,,,,
2025-11-10,002259,升达林业,4.11,4.12,4.12,0.24,4.15,4.09,11416400,,,,,,,,,,4.15,4.17,4.23,2.715,,12.9,25.25,-11.8,42.86,29.09,,,,,
2025-11-10,000001,上证指数,3997.556,4001.794,4018.597,0.53,4018.696,3990.836,63404999300,,,,,,,,,,3990.67,3987.61,3948.66,2589.477,,93.11,78.75,121.83,77.29,66.6,,,,,
2025-11-07,002624,完美世界,16.48,16.31,16.01,-2.85,16.48,16.0,42523610,,,,,,,,,,16.85,16.98,17.08,10.967,,0.51,16.99,-32.45,33.68,36.96,,,,,
2025-11-07,600111,北方稀土,47.99,48.0,48.27,0.58,49.4,47.21,109869510,,,,,,,,,,48.41,50.2,51.68,33.093,,14.94,26.61,-8.4,11.42,41.54,,,,,
2025-11-07,002259,升达林业,4.12,4.11,4.11,-0.24,4.16,4.1,8983204,,,,,,,,,,4.16,4.18,4.24,2.786,,9.68,23.11,-17.18,38.46,26.79,,,,,
2025-11-07,000001,上证指数,4007.76,3994.317,3997.556,-0.25,4012.005,3993.691,59650703400,,,,,,,,,,3982.25,3985.45,3942.2,2644.942,,72.7,65.14,87.82,54.16,65.1,,,,,
2025-11-06,002624,完美世界,16.42,16.4,16.48,0.37,16.49,16.17,36092457,,,,,,,,,,17.08,17.11,17.17,11.323,,17.32,28.2,-4.44,32.13,41.87,,,,,
2025-11-06,600111,北方稀土,47.77,47.71,47.99,0.46,48.19,47.55,81685429,,,,,,,,,,48.91,50.5,51.89,34.034,,11.65,24.42,-13.89,22.76,36.53,,,,,
2025-11-06,002259,升达林业,4.19,4.19,4.12,-1.67,4.19,4.08,12438701,,,,,,,,,,4.17,4.19,4.25,2.857,,12.9,25.25,-11.8,23.81,24.59,,,,,
2025-11-06,000001,上证指数,3969.248,3973.349,4007.76,0.97,4008.799,3973.349,62736754700,,,,,,,,,,3973.7,3980.72,3937.18,2700.392,,82.6,71.74,104.32,47.09,66.95,,,,,
2025-11-05,002624,完美世界,17.47,17.18,16.42,-6.01,17.4,16.29,66597042,,,,,,,,,,17.17,17.19,17.27,11.639,,7.78,21.84,-20.34,42.82,42.96,,,,,
2025-11-05,600111,北方稀土,49.1,48.2,47.77,-2.71,48.47,47.0,106895589,,,,,,,,,,49.92,50.67,52.14,35.008,,9.06,22.69,-18.2,28.17,36.17,,,,,
2025-11-05,002259,升达林业,4.19,4.17,4.19,0.0,4.22,4.14,9305784,,,,,,,,,,4.17,4.22,4.26,2.927,,23.08,32.04,5.16,25.0,36.07,,,,,
2025-11-05,000001,上证指数,3960.186,3922.584,3969.248,0.23,3979.754,3922.584,61499161800,,,,,,,,,,3969.53,3972.19,3933.49,2752.445,,45.25,46.83,42.09,43.06,68.57,,,,,
2025-11-04,002624,完美世界,17.88,17.94,17.47,-2.29,17.95,17.21,49833973,,,,,,,,,,17.4,17.27,17.4,11.961,,58.47,55.65,64.11,59.62,62.19,,,,,
2025-11-04,600111,北方稀土,48.9,48.83,49.1,0.41,49.95,48.4,81323593,,,,,,,,,,50.73,50.97,52.17,36.006,,15.12,26.74,-8.12,25.15,37.45,,,,,
2025-11-04,002259,升达林业,4.19,4.18,4.19,0.0,4.24,4.15,9497300,,,,,,,,,,4.18,4.23,4.25,2.988,,23.08,32.04,5.16,50.0,51.25,,,,,
2025-11-04,000001,上证指数,3976.521,3973.458,3960.186,-0.41,3985.882,3938.52,61549379200,,,,,,,,,,3978.95,3966.64,3929.17,2805.415,,55.78,53.86,59.62,36.53,70.15,,,,,
2025-11-03,002624,完美世界,17.13,17.4,17.88,4.38,17.96,17.3,66388866,,,,,,,,,,17.3,17.24,17.49,,,93.22,78.83,122.0,61.51,63.06,,,,,
2025-11-03,600111,北方稀土,50.81,50.78,48.9,-3.76,50.79,47.96,138857749,,,,,,,,,,51.12,51.3,52.05,,,12.47,24.97,-12.53,38.98,36.28,,,,,
2025-11-03,002259,升达林业,4.14,4.15,4.19,1.21,4.23,4.13,10572700,,,,,,,,,,4.2,4.26,4.24,,,18.18,28.78,-3.02,40.54,51.25,,,,,
2025-11-03,000001,上证指数,3954.79,3954.078,3976.521,0.55,3977.305,3937.022,64124594500,,,,,,,,,,3984.55,3962.25,3924.28,,,66.81,61.21,78.01,57.86,58.4,,,,,
2025-10-31,002624,完美世界,16.96,17.16,17.13,1.0,17.4,16.97,30225102,,,,,,,,,,17.11,17.15,17.55,,,35.0,40.0,25.0,46.11,45.92,,,,,
2025-10-31,600111,北方稀土,53.0,52.03,50.81,-4.13,52.5,50.53,150996789,,,,,,,,,,52.0,51.63,51.92,,,28.94,35.95,14.92,55.34,37.64,,,,,
2025-10-31,002259,升达林业,4.14,4.17,4.14,0.0,4.21,4.13,8894400,,,,,,,,,,4.2,4.28,4.23,,,3.03,18.67,-28.25,24.39,40.0,,,,,
2025-10-31,000001,上证指数,3986.901,3985.064,3954.79,-0.81,3986.743,3951.731,67561540600,,,,,,,,,,3988.64,3950.99,3916.86,,,54.99,53.33,58.31,59.36,56.24,,,,,
2025-10-30,002624,完美世界,17.57,17.69,16.96,-3.47,17.74,16.86,38797458,,,,,,,,,,17.15,17.1,17.68,,,22.64,31.75,4.42,42.6,47.2,,,,,
2025-10-30,600111,北方稀土,51.82,51.83,53.0,2.28,55.5,50.71,265725659,,,,,,,,,,52.08,51.85,51.75,,,62.12,58.08,70.2,62.6,37.37,,,,,
2025-10-30,002259,升达林业,4.23,4.22,4.14,-2.13,4.24,4.14,9541400,,,,,,,,,,4.22,4.28,4.22,,,0.0,16.65,-33.3,23.26,43.16,,,,,
2025-10-30,000001,上证指数,4016.331,4007.821,3986.901,-0.73,4025.705,3984.828,66848560900,,,,,,,,,,3987.74,3939.49,3911.79,,,77.87,68.59,96.43,74.47,67.09,,,,,
2025-10-29,002624,完美世界,16.94,16.89,17.57,3.72,17.78,16.82,38988337,,,,,,,,,,17.21,17.1,17.79,,,82.93,71.96,104.87,68.14,48.63,,,,,
2025-10-29,600111,北方稀土,51.07,50.4,51.82,1.47,51.83,50.2,133710651,,,,,,,,,,51.43,51.86,51.42,,,48.67,49.11,47.79,47.1,30.02,,,,,
2025-10-29,002259,升达林业,4.29,4.29,4.23,-1.4,4.39,4.17,15267936,,,,,,,,,,4.26,4.28,4.22,,,32.35,38.23,20.59,25.0,45.56,,,,,
2025-10-29,000001,上证指数,3988.224,3990.266,4016.331,0.7,4016.331,3986.941,61291746600,,,,,,,,,,3974.84,3932.42,3905.12,,,100.0,83.35,133.3,90.79,68.07,,,,,
2025-10-28,002624,完美世界,16.97,16.92,16.94,-0.18,17.28,16.78,27625813,,,,,,,,,,17.14,17.08,17.84,,,42.86,45.24,38.1,43.75,34.4,,,,,
2025-10-28,600111,北方稀土,53.31,53.33,51.07,-4.2,53.39,50.9,199449532,,,,,,,,,,51.22,52.13,51.13,,,36.17,40.78,26.95,43.26,46.35,,,,,
2025-10-28,002259,升达林业,4.19,4.2,4.29,2.39,4.31,4.18,15260036,,,,,,,,,,4.29,4.29,4.21,,,50.0,50.0,50.0,41.46,47.13,,,,,
2025-10-28,000001,上证指数,3996.945,3986.891,3988.224,-0.22,4010.728,3976.833,57735768400,,,,,,,,,,3954.33,3922.01,3895.4,,,87.17,74.79,111.93,92.31,63.8,,,,,
2025-10-27,002624,完美世界,17.3,17.4,16.97,-1.91,17.46,16.78,34060751,,,,,,,,,,17.18,17.1,17.94,,,48.96,49.31,48.26,68.57,28.03,,,,,
2025-10-27,600111,北方稀土,51.19,51.3,53.31,4.14,54.19,51.06,219664664,,,,,,,,,,51.48,52.71,50.98,,,50.34,50.23,50.56,52.19,50.51,,,,,
2025-10-27,002259,升达林业,4.26,4.26,4.19,-1.64,4.28,4.19,12102159,,,,,,,,,,4.32,4.29,4.2,,,20.59,30.38,1.01,52.0,49.45,,,,,
2025-10-27,000001,上证指数,3950.312,3969.22,3996.945,1.18,3999.067,3963.102,63758954500,,,,,,,,,,3939.95,3909.71,3887.42,,,98.7,82.48,131.14,98.41,58.78,,,,,
2025-10-24,002624,完美世界,17.27,17.35,17.3,0.17,17.45,17.04,21147815,,,,,,,,,,17.19,17.17,,,,50.0,50.0,50.0,66.67,25.53,,,,,
2025-10-24,600111,北方稀土,49.75,49.81,51.19,2.89,51.38,49.81,129127990,,,,,,,,,,51.26,53.15,,,,17.9,28.59,-3.48,30.78,57.08,,,,,
2025-10-24,002259,升达林业,4.35,4.35,4.26,-2.07,4.37,4.23,10267900,,,,,,,,,,4.35,4.3,,,,41.18,44.12,35.3,60.47,59.37,,,,,
2025-10-24,000001,上证指数,3922.41,3929.115,3950.312,0.71,3950.312,3928.96,56785844300,,,,,,,,,,3913.34,3898.96,,,,100.0,83.35,133.3,58.87,59.3,,,,,
2025-10-23,002624,完美世界,17.21,17.16,17.27,0.35,17.3,16.91,19687714,,,,,,,,,,17.05,17.22,,,,48.12,48.75,46.86,45.7,24.93,,,,,
2025-10-23,600111,北方稀土,50.79,50.36,49.75,-2.05,50.77,48.9,112799830,,,,,,,,,,51.62,53.28,,,,6.65,21.09,-22.23,2.59,57.52,,,,,
2025-10-23,002259,升达林业,4.37,4.37,4.35,-0.46,4.37,4.29,8444400,,,,,,,,,,4.34,4.31,,,,67.65,61.77,79.41,53.06,66.29,,,,,
2025-10-23,000001,上证指数,3913.758,3904.159,3922.41,0.22,3926.217,3877.529,56518926400,,,,,,,,,,3891.23,3893.63,,,,93.4,78.95,122.3,53.03,58.42,,,,,
2025-10-22,002624,完美世界,17.16,17.08,17.21,0.29,17.43,17.02,23722864,,,,,,,,,,16.98,17.34,,,,31.42,37.61,19.04,51.76,23.53,,,,,
2025-10-22,600111,北方稀土,52.35,51.4,50.79,-2.98,51.41,49.87,144378111,,,,,,,,,,52.3,53.61,,,,7.78,21.84,-20.34,2.07,61.09,,,,,
2025-10-22,002259,升达林业,4.43,4.42,4.37,-1.35,4.46,4.35,11852300,,,,,,,,,,4.3,4.29,,,,59.52,56.35,65.86,59.62,71.13,,,,,
2025-10-22,000001,上证指数,3916.332,3896.074,3913.758,-0.07,3918.592,3893.325,54311734400,,,,,,,,,,3889.99,3894.79,,,,85.52,73.69,109.18,61.74,61.23,,,,,
2025-10-21,002624,完美世界,17.02,17.0,17.16,0.82,17.23,16.88,29250811,,,,,,,,,,17.02,17.54,,,,24.72,33.14,7.88,38.43,19.53,,,,,
2025-10-21,600111,北方稀土,52.22,52.23,52.35,0.25,52.59,51.35,138748960,,,,,,,,,,53.04,53.37,,,,28.81,35.87,14.69,2.3,63.22,,,,,
2025-10-21,002259,升达林业,4.36,4.4,4.43,1.61,4.46,4.33,18143652,,,,,,,,,,4.29,4.26,,,,75.56,67.05,92.58,62.0,76.09,,,,,
2025-10-21,000001,上证指数,3863.893,3870.749,3916.332,1.36,3919.318,3868.145,59941571300,,,,,,,,,,3889.68,3891.69,,,,85.17,73.46,108.59,55.88,57.8,,,,,
2025-10-20,002624,完美世界,16.58,16.8,17.02,2.65,17.17,16.72,29141543,,,,,,,,,,17.02,17.74,,,,18.25,28.82,-2.89,31.65,28.9,,,,,
2025-10-20,600111,北方稀土,53.0,52.02,52.22,-1.47,53.39,51.02,152607298,,,,,,,,,,53.93,52.8,,,,36.31,40.87,27.19,48.79,64.36,,,,,
2025-10-20,002259,升达林业,4.17,4.19,4.36,4.56,4.43,4.18,23133011,,,,,,,,,,4.26,4.23,,,,64.71,59.81,74.51,52.17,67.02,,,,,
2025-10-20,000001,上证指数,3839.755,3865.552,3863.893,0.63,3877.722,3850.367,54926171200,,,,,,,,,,3879.46,3886.31,,,,46.74,47.83,44.56,40.97,51.46,,,,,
2025-10-17,002624,完美世界,16.94,16.87,16.58,-2.13,17.09,16.55,28710542,,,,,,,,,,17.15,17.96,,,,2.69,18.44,-28.81,10.37,29.48,,,,,
2025-10-17,600111,北方稀土,53.15,53.16,53.0,-0.28,54.9,52.63,174906871,,,,,,,,,,55.04,52.21,,,,45.38,46.92,42.3,49.39,67.86,,,,,
2025-10-17,002259,升达林业,4.17,4.17,4.17,0.0,4.27,4.12,11867900,,,,,,,,,,4.25,4.19,,,,42.19,44.79,36.99,46.34,59.74,,,,,
2025-10-17,000001,上证指数,3916.228,3912.04,3839.755,-1.95,3921.065,3835.365,61756301800,,,,,,,,,,3884.58,3882.73,,,,29.05,36.03,15.09,25.99,52.49,,,,,
2025-10-16,002624,完美世界,17.4,17.33,16.94,-2.64,17.45,16.9,28954364,,,,,,,,,,17.39,18.27,,,,13.58,25.71,-10.68,9.19,29.85,,,,,
2025-10-16,600111,北方稀土,54.5,53.37,53.15,-2.48,54.88,52.9,164274987,,,,,,,,,,54.93,51.64,,,,46.32,47.55,43.86,65.84,61.9,,,,,
2025-10-16,002259,升达林业,4.32,4.32,4.17,-3.47,4.34,4.16,11793210,,,,,,,,,,4.28,4.17,,,,42.19,44.79,36.99,58.49,52.87,,,,,
2025-10-16,000001,上证指数,3912.21,3900.683,3916.228,0.1,3931.05,3899.167,59545149100,,,,,,,,,,3896.04,3884.09,,,,85.09,73.41,108.45,59.78,65.13,,,,,
2025-10-15,002624,完美世界,17.15,17.2,17.4,1.46,17.43,16.5,36447303,,,,,,,,,,17.7,18.48,,,,23.38,32.24,5.66,11.06,33.03,,,,,
2025-10-15,600111,北方稀土,56.8,56.98,54.5,-4.05,57.66,53.0,303116177,,,,,,,,,,54.93,50.98,,,,54.81,53.21,58.01,75.14,66.07,,,,,
2025-10-15,002259,升达林业,4.27,4.29,4.32,1.17,4.33,4.22,13056600,,,,,,,,,,4.29,4.15,,,,65.63,60.43,76.03,82.5,63.89,,,,,
2025-10-15,000001,上证指数,3865.229,3867.536,3912.21,1.22,3912.291,3857.667,64501295500,,,,,,,,,,3899.59,3877.83,,,,82.15,71.44,103.57,63.27,64.64,,,,,
2025-10-14,002624,完美世界,17.66,17.75,17.15,-2.89,18.1,17.1,34283801,,,,,,,,,,18.06,18.6,,,,4.48,19.64,-25.84,0.0,,,,,,
2025-10-14,600111,北方稀土,57.73,58.0,56.8,-1.61,61.69,56.1,427770081,,,,,,,,,,53.69,50.13,,,,69.26,62.85,82.08,88.36,,,,,,
2025-10-14,002259,升达林业,4.31,4.34,4.27,-0.93,4.35,4.23,12507159,,,,,,,,,,4.24,4.12,,,,57.81,55.21,63.01,84.44,,,,,,
2025-10-14,000001,上证指数,3889.502,3910.783,3865.229,-0.62,3918.436,3851.121,80083963100,,,,,,,,,,3893.7,3868.79,,,,47.72,48.48,46.2,60.63,,,,,,
2025-10-13,002624,完美世界,17.82,17.11,17.66,-0.9,18.05,17.0,38193345,,,,,,,,,,18.46,18.77,,,,19.7,29.79,-0.48,0.0,,,,,,
2025-10-13,600111,北方稀土,52.48,54.5,57.73,10.0,57.73,53.9,380262585,,,,,,,,,,51.66,49.26,,,,100.0,83.35,133.3,88.62,,,,,,
2025-10-13,002259,升达林业,4.34,4.16,4.31,-0.69,4.36,4.12,17766901,,,,,,,,,,4.2,4.11,,,,64.06,59.38,73.42,92.86,,,,,,
2025-10-13,000001,上证指数,3897.028,3800.106,3889.502,-0.19,3895.83,3800.106,70950610100,,,,,,,,,,3893.16,3865.13,,,,70.95,63.97,84.91,60.31,,,,,,
2025-10-10,002624,完美世界,18.49,18.4,17.82,-3.62,18.76,17.71,39572184,,,,,,,,,,18.76,,,,,4.17,19.43,-26.35,26.62,,,,,,
2025-10-10,600111,北方稀土,53.13,54.7,52.48,-1.22,54.7,51.7,321618503,,,,,,,,,,49.39,,,,,76.99,68.0,94.97,82.93,,,,,,
2025-10-10,002259,升达林业,4.2,4.25,4.34,3.33,4.54,4.17,32267901,,,,,,,,,,4.13,,,,,68.75,62.51,81.23,81.25,,,,,,
2025-10-10,000001,上证指数,3933.972,3915.475,3897.028,-0.94,3933.005,3886.305,71891767300,,,,,,,,,,3880.88,,,,,75.59,67.07,92.63,62.89,,,,,,
2025-10-09,002624,完美世界,19.16,19.07,18.49,-3.5,19.17,18.15,56940366,,,,,,,,,,19.15,,,,,,,,48.36,,,,,,
2025-10-09,600111,北方稀土,48.3,49.85,53.13,10.0,53.13,48.57,340231985,,,,,,,,,,48.35,,,,,,,,89.98,,,,,,
2025-10-09,002259,升达林业,4.08,4.1,4.2,2.94,4.28,4.09,18655462,,,,,,,,,,4.05,,,,,,,,75.0,,,,,,
2025-10-09,000001,上证指数,3882.777,3898.307,3933.972,1.32,3936.576,3885.744,72521850100,,,,,,,,,,3872.14,,,,,,,,84.35,,,,,,
2025-09-30,002624,完美世界,19.16,19.25,19.16,0.0,19.35,18.66,35143910,,,,,,,,,,19.26,,,,,,,,57.0,,,,,,
2025-09-30,600111,北方稀土,46.65,46.82,48.3,3.54,48.8,46.82,187830944,,,,,,,,,,47.03,,,,,,,,51.97,,,,,,
2025-09-30,002259,升达林业,4.06,4.07,4.08,0.49,4.12,4.03,9645402,,,,,,,,,,4.02,,,,,,,,44.12,,,,,,
2025-09-30,000001,上证指数,3862.532,3869.705,3882.777,0.52,3887.57,3866.281,56973463100,,,,,,,,,,3856.07,,,,,,,,72.82,,,,,,
2025-09-29,002624,完美世界,19.19,19.05,19.16,-0.16,19.47,18.81,35517615,,,,,,,,,,19.14,,,,,,,,57.0,,,,,,
2025-09-29,600111,北方稀土,46.39,46.39,46.65,0.56,46.92,45.78,108571572,,,,,,,,,,46.58,,,,,,,,34.09,,,,,,
2025-09-29,002259,升达林业,3.96,3.97,4.06,2.53,4.27,3.9,23016261,,,,,,,,,,4.01,,,,,,,,40.62,,,,,,
2025-09-29,000001,上证指数,3828.106,3828.166,3862.532,0.9,3881.002,3809.535,60846639900,,,,,,,,,,3843.88,,,,,,,,67.23,,,,,,
2025-09-26,002624,完美世界,19.75,19.5,19.19,-2.84,19.74,19.1,55907422,,,,,,,,,,19.09,,,,,,,,,,,,,,
2025-09-26,600111,北方稀土,47.28,47.97,46.39,-1.88,48.35,46.24,131557333,,,,,,,,,,46.86,,,,,,,,,,,,,,
2025-09-26,002259,升达林业,3.95,3.91,3.96,0.25,4.02,3.9,9420902,,,,,,,,,,4.02,,,,,,,,,,,,,,
2025-09-26,000001,上证指数,3853.302,3839.855,3828.106,-0.65,3856.606,3828.106,55127533500,,,,,,,,,,3837.09,,,,,,,,,,,,,,
2025-09-25,002624,完美世界,19.05,19.1,19.75,3.67,20.35,19.09,74280136,,,,,,,,,,,,,,,,,,,,,,,,
2025-09-25,600111,北方稀土,46.54,46.65,47.28,1.59,47.85,46.31,148375065,,,,,,,,,,,,,,,,,,,,,,,,
2025-09-25,002259,升达林业,4.04,4.03,3.95,-2.23,4.07,3.95,7713200,,,,,,,,,,,,,,,,,,,,,,,,
2025-09-25,000001,上证指数,3853.642,3852.431,3853.302,-0.01,3866.106,3840.459,58995053100,,,,,,,,,,,,,,,,,,,,,,,,
2025-09-24,002624,完美世界,18.57,18.47,19.05,2.58,19.15,18.3,46457284,,,,,,,,,,,,,,,,,,,,,,,,
2025-09-24,600111,北方稀土,46.03,45.95,46.54,1.11,47.0,45.83,120438531,,,,,,,,,,,,,,,,,,,,,,,,
2025-09-24,002259,升达林业,4.02,4.03,4.04,0.5,4.06,3.97,7147901,,,,,,,,,,,,,,,,,,,,,,,,
2025-09-24,000001,上证指数,3821.833,3804.483,3853.642,0.83,3854.923,3804.328,60205667000,,,,,,,,,,,,,,,,,,,,,,,,
2025-09-23,002624,完美世界,18.87,18.81,18.57,-1.59,19.08,18.12,53066471,,,,,,,,,,,,,,,,,,,,,,,,
2025-09-23,600111,北方稀土,48.06,47.68,46.03,-4.22,48.26,45.05,182223243,,,,,,,,,,,,,,,,,,,,,,,,
2025-09-23,002259,升达林业,4.12,4.12,4.02,-2.43,4.12,3.9,16341900,,,,,,,,,,,,,,,,,,,,,,,,
2025-09-23,000001,上证指数,3828.576,3830.138,3821.833,-0.18,3838.606,3774.528,70190286800,,,,,,,,,,,,,,,,,,,,,,,,
2025-09-22,002624,完美世界,,19.45,18.87,-2.98,19.5,18.6,53865100,,,,,,,,,,,,,,,,,,,,,,,,
2025-09-22,600111,北方稀土,,46.8,48.06,2.69,48.69,46.66,151082071,,,,,,,,,,,,,,,,,,,,,,,,
2025-09-22,002259,升达林业,,4.09,4.12,0.73,4.14,4.06,10169800,,,,,,,,,,,,,,,,,,,,,,,,
2025-09-22,000001,上证指数,,3822.01,3828.576,0.17,3831.74,3806.202,56832568600,,,,,,,,,,,,,,,,,,,,,,,,
